review_id,entity_type,surface,start,end,match_kind,sentence,language,extractor,confidence,phonetic_key
Ci9DQUlRQUNvZENodHljRjlvT21wR2RuTXpNR3gyV1hSVFdsOVZkSFkzVmpaWFdXYxAB,PLACE,Cox's Bazar,0,11,exact,Cox's Bazar is truly a breathtaking destination.,en,gazetteer,,cks bjr
Ci9DQUlRQUNvZENodHljRjlvT21kelExZHBSVjlXUld4WVozWkVkSGxLYm1OS1MyYxAB,PLACE,Saint Martin,1322,1334,exact,"Nearby, Saint Martin's Island, the only coral island in Bangladesh, attracts travelers with its turquoise water, fresh seafood, and peaceful island vibe.",en,gazetteer,,snt mrtn
Ci9DQUlRQUNvZENodHljRjlvT21kelExZHBSVjlXUld4WVozWkVkSGxLYm1OS1MyYxAB,PLACE,Cox's Bazar,0,11,exact,"Cox's Bazar is the most popular beach destination in Bangladesh and is globally known for having the longest natural sea beach in the world, stretching over 120 kilometers along the Bay of Bengal.",en,gazetteer,,cks bjr
Ci9DQUlRQUNvZENodHljRjlvT2xkbFZUUkVaVTVyWjFJeVpYVjBjVFZMVldwdk5rRRAB,PLACE,Cox's Bazar,0,11,exact,Cox's Bazar is one of the most beautiful tourist destinations in Bangladesh and home to the longest natural sea beach in the world.,en,gazetteer,,cks bjr
Ci9DQUlRQUNvZENodHljRjlvT2twNldqQTJkMVYwYmpOM2FFTlNTVGR5TW5CRmIyYxAB,TIP,go early morning or evening,147,174,exact,Best to go early morning or evening to avoid the heat and crowds.,en,gazetteer,,g erl mrng or ebng
Ci9DQUlRQUNvZENodHljRjlvT25GMmJURkViak5DVDAxM2NuZFRZVVJFVEhFeWNuYxAB,PLACE,cox's bazar,135,146,exact,This sea beach took so big area of the coast of cox's bazar and it's so beautiful area good for vacations and trips.,en,gazetteer,,cks bjr
ChdDSUhNMG9nS0VJQ0FnSUNyNzd2cW5RRRAB,PLACE,Cox's Bazar,0,11,exact,"Cox's Bazar is a breathtaking destination with the world's longest natural sea beach, stretching over 120 kilometers along the Bay of Bengal.",en,gazetteer,,cks bjr
ChdDSUhNMG9nS0VJQ0FnSUNyNzd2cW5RRRAB,PLACE,Cox's Bazar,499,510,exact,"Cox's Bazar truly combines natural beauty, outdoor adventure, and cultural experiences, making it a must-visit destination in Bangladesh.",en,gazetteer,,cks bjr
ChZDSUhNMG9nS0VJQ0FnSUN2bzYtVEZnEAE,PLACE,Cox's Bazar,4,15,exact,The Cox's Bazar pride of Bangladesh and one of the most beautiful places!,en,gazetteer,,cks bjr
ChZDSUhNMG9nS0VJQ0FnSUN2b3ZQR0NREAE,PLACE,Cox's Bazar,93,104,exact,"Last year, I had the opportunity to take a break from our department and visit the beautiful Cox's Bazar.",en,gazetteer,,cks bjr
ChZDSUhNMG9nS0VJQ0FnSURUemVfeGFnEAE,PLACE,Cox's Bazar,0,11,exact,"Cox's Bazar Sea Beach, the world's longest natural sandy beach, offers stunning coastal views and a relaxing atmosphere.",en,gazetteer,,cks bjr
ChZDSUhNMG9nS0VJQ0FnSURUemVfeGFnEAE,PLACE,Cox's Bazar,386,397,exact,"Overall, Cox's Bazar Sea Beach is a beautiful and vibrant spot, perfect for a beach getaway.",en,gazetteer,,cks bjr
Ci9DQUlRQUNvZENodHljRjlvT2tOTWNsZE5XRGhKVkd0TFJGSXlUR3hDWDFsbU4wRRAB,PLACE,Cox's Bazar,0,11,exact,"Cox's Bazar Beach: Cox's Bazar Beach is located in the southeastern part of Bangladesh, in Cox's Bazar district and city, on the shores of the Bay of Bengal.",en,gazetteer,,cks bjr
Ci9DQUlRQUNvZENodHljRjlvT2tOTWNsZE5XRGhKVkd0TFJGSXlUR3hDWDFsbU4wRRAB,PLACE,Cox's Bazar,19,30,exact,"Cox's Bazar Beach: Cox's Bazar Beach is located in the southeastern part of Bangladesh, in Cox's Bazar district and city, on the shores of the Bay of Bengal.",en,gazetteer,,cks bjr
Ci9DQUlRQUNvZENodHljRjlvT2tOTWNsZE5XRGhKVkd0TFJGSXlUR3hDWDFsbU4wRRAB,PLACE,Cox's Bazar,91,102,exact,"Cox's Bazar Beach: Cox's Bazar Beach is located in the southeastern part of Bangladesh, in Cox's Bazar district and city, on the shores of the Bay of Bengal.",en,gazetteer,,cks bjr
Ci9DQUlRQUNvZENodHljRjlvT2tOTWNsZE5XRGhKVkd0TFJGSXlUR3hDWDFsbU4wRRAB,PLACE,Cox's Bazar,544,555,exact,"Many tourists come to Cox's Bazar to relax, swim, and watch the stunning sunset.",en,gazetteer,,cks bjr
ChZDSUhNMG9nS0VJQ0FnSUMxX0l6QUlREAE,PLACE,Cox's Bazar,0,11,exact,Cox's Bazar is an idyllic haven that exceeded all my expectations during in 2023.,en,gazetteer,,cks bjr
ChZDSUhNMG9nS0VJQ0FnSUMxX0l6QUlREAE,PLACE,Cox's Bazar,372,383,exact,"Cox's Bazar Sea Beach is a treasure trove of natural beauty, offering a serene escape from the hustle and bustle of everyday life.",en,gazetteer,,cks bjr
ChdDSUhNMG9nS0VJQ0FnSUNzZ3F5N3VBRRAB,PLACE,cox's Bazar,98,109,exact,Lots of places i visit but cox's Bazar is MORE attractive among all.,en,gazetteer,,cks bjr
Ci9DQUlRQUNvZENodHljRjlvT2pobVJGbExNRlk1YjFKWmFrRkxjbEV3YWxaeVJHYxAB,PLACE,Cox's bazar,147,158,exact,Love Cox's bazar ❤️❤️🩷( ﾟ∀ﾟ),en,gazetteer,,cks bjr
ChdDSUhNMG9nS0VJQ0FnSUM3ck1haTJRRRAB,PLACE,Cox's Bazar,0,11,exact,"Cox's Bazar Beach located at Cox's Bazar, Bangladesh, is the longest natural sea beach in the world running 120 kilometres (75 mi).",en,gazetteer,,cks bjr
ChdDSUhNMG9nS0VJQ0FnSUM3ck1haTJRRRAB,PLACE,Cox's Bazar,29,40,exact,"Cox's Bazar Beach located at Cox's Bazar, Bangladesh, is the longest natural sea beach in the world running 120 kilometres (75 mi).",en,gazetteer,,cks bjr
ChdDSUhNMG9nS0VJQ0FnSUM3ck1haTJRRRAB,PLACE,Cox's Bazar,258,269,exact,"According to a survey of Bangladesh Bureau of Statistics in December 2021, each year 17% of the citizens of the country visit Cox's Bazar, which is about 3 million.",en,gazetteer,,cks bjr
ChdDSUhNMG9nS0VJQ0FnSUM3ck1haTJRRRAB,PLACE,Cox's Bazar,329,340,exact,"However, the number of trips to Cox's Bazar beach is declining due to various issues.",en,gazetteer,,cks bjr
Ci9DQUlRQUNvZENodHljRjlvT21OdFlucGlNbDg0T1hCdmNYRmZMVjgzUVhOUmRXYxAB,PLACE,Sreemangal,19,29,exact,🌿 Visitor Review – Sreemangal Tea Gardens Visiting the tea gardens of Sreemangal was an unforgettable part of my trip to northeast Bangladesh.,en,gazetteer,,srmngl
Ci9DQUlRQUNvZENodHljRjlvT21OdFlucGlNbDg0T1hCdmNYRmZMVjgzUVhOUmRXYxAB,PLACE,Sreemangal,70,80,exact,🌿 Visitor Review – Sreemangal Tea Gardens Visiting the tea gardens of Sreemangal was an unforgettable part of my trip to northeast Bangladesh.,en,gazetteer,,srmngl
Ci9DQUlRQUNvZENodHljRjlvT21OdFlucGlNbDg0T1hCdmNYRmZMVjgzUVhOUmRXYxAB,PLACE,Sreemangal,1216,1226,exact,"You’ll also find small local tea stalls nearby where you can taste fresh tea or the famous Seven Layer Tea of Sreemangal — it adds a fun, local flavor to the visit.",en,gazetteer,,srmngl
Ci9DQUlRQUNvZENodHljRjlvT21OdFlucGlNbDg0T1hCdmNYRmZMVjgzUVhOUmRXYxAB,PLACE,Sreemangal,1658,1668,exact,"--- 🌱 Overall: Sreemangal’s tea gardens are perfect for a slow, relaxing day immersed in nature’s beauty.",en,gazetteer,,srmngl
Ci9DQUlRQUNvZENodHljRjlvT21KNmJsQklYMVJUYW1WMWRqVklTRmQ0YVRoeE4zYxAB,PLACE,Srimangal,0,9,exact,Srimangal Tea Garden: Srimangal Tea Garden is located in Srimangal Upazila of Moulvibazar District.,en,gazetteer,,srmngl
Ci9DQUlRQUNvZENodHljRjlvT21KNmJsQklYMVJUYW1WMWRqVklTRmQ0YVRoeE4zYxAB,PLACE,Srimangal,22,31,exact,Srimangal Tea Garden: Srimangal Tea Garden is located in Srimangal Upazila of Moulvibazar District.,en,gazetteer,,srmngl
Ci9DQUlRQUNvZENodHljRjlvT21KNmJsQklYMVJUYW1WMWRqVklTRmQ0YVRoeE4zYxAB,PLACE,Srimangal,57,66,exact,Srimangal Tea Garden: Srimangal Tea Garden is located in Srimangal Upazila of Moulvibazar District.,en,gazetteer,,srmngl
Ci9DQUlRQUNvZENodHljRjlvT21KNmJsQklYMVJUYW1WMWRqVklTRmQ0YVRoeE4zYxAB,PLACE,Srimangal,140,149,exact,"Known as the tea capital of Bangladesh, Srimangal is famous for its lush green tea gardens, serene scenery and delicious seven-tiered tea.",en,gazetteer,,srmngl
Ci9DQUlRQUNvZENodHljRjlvT21KNmJsQklYMVJUYW1WMWRqVklTRmQ0YVRoeE4zYxAB,PLACE,Srimangal,590,599,exact,The tea industry in Srimangal dates back to the British colonial period when tea gardens were established in the Sylhet region.,en,gazetteer,,srmngl
Ci9DQUlRQUNvZENodHljRjlvT21KNmJsQklYMVJUYW1WMWRqVklTRmQ0YVRoeE4zYxAB,PLACE,Srimangal,741,750,exact,"Today, the tea industry is the backbone of Srimangal's economy.",en,gazetteer,,srmngl
Ci9DQUlRQUNvZENodHljRjlvT21KNmJsQklYMVJUYW1WMWRqVklTRmQ0YVRoeE4zYxAB,PLACE,Srimangal,852,861,exact,Srimangal's tea is a major export product for Bangladesh.,en,gazetteer,,srmngl
Ci9DQUlRQUNvZENodHljRjlvT2kxM2N6ZzVRVlZJVDFsM1RtMWhTVm81YWpCMGMzYxAB,PLACE,Srimangal,9,18,exact,Visiting Srimangal Tea Garden is refreshing and beautiful.,en,gazetteer,,srmngl
ChZDSUhNMG9nS0VJQ0FnSURidk5QM1JREAE,PLACE,Sreemangal,4,14,exact,"The Sreemangal Tea Garden, located in the Maulvi Bazar district of Sylhet Division, is often referred to as the ""Tea Capital of Bangladesh.",en,gazetteer,,srmngl
ChZDSUhNMG9nS0VJQ0FnSURidk5QM1JREAE,PLACE,Sreemangal,192,202,exact,""" Renowned for its expansive, lush green landscapes, Sreemangal offers a picturesque and tranquil escape for visitors.",en,gazetteer,,srmngl
ChZDSUhNMG9nS0VJQ0FnSURidk5QM1JREAE,PLACE,Sreemangal,438,448,exact,One of the key attractions of the Sreemangal Tea Garden is its rich history and contribution to Bangladesh's tea industry.,en,gazetteer,,srmngl
ChZDSUhNMG9nS0VJQ0FnSURidk5QM1JREAE,PLACE,Sreemangal,658,668,exact,"The region's subtropical climate, with high humidity and ample rainfall, provides an ideal environment for tea cultivation, making Sreemangal a significant player in the production of high-quality tea.",en,gazetteer,,srmngl
ChZDSUhNMG9nS0VJQ0FnSURidk5QM1JREAE,PLACE,Sreemangal,867,877,exact,Visitors to the Sreemangal Tea Garden can enjoy guided tours that offer an in-depth look at the tea production process.,en,gazetteer,,srmngl
ChZDSUhNMG9nS0VJQ0FnSURidk5QM1JREAE,PLACE,Sreemangal,1377,1387,exact,The Sreemangal Tea Garden also places a strong emphasis on sustainability and community involvement.,en,gazetteer,,srmngl
ChZDSUhNMG9nS0VJQ0FnSURidk5QM1JREAE,PLACE,Sreemangal,1851,1861,exact,"Tourism plays a significant role in Sreemangal, with the tea garden attracting numerous visitors each year.",en,gazetteer,,srmngl
ChZDSUhNMG9nS0VJQ0FnSURidk5QM1JREAE,PLACE,Sreemangal,2294,2304,exact,"In conclusion, the Sreemangal Tea Garden is a testament to the rich cultural and natural heritage of Bangladesh.",en,gazetteer,,srmngl
ChZDSUhNMG9nS0VJQ0FnSURleUtTOFp3EAE,PLACE,Sreemangal,0,10,exact,Sreemangal is known as the tea capital of Bangladesh.,en,gazetteer,,srmngl
Ci9DQUlRQUNvZENodHljRjlvT2pCUmVsZDVWRmQwU2xsc1pIY3dkVkZWWTNoVmRGRRAB,PLACE,Madhabpur Lake,119,133,exact,The Lawachara National Park and Madhabpur Lake are perfect for nature walks and bird watching.,en,gazetteer,,mdbpr lk
Ci9DQUlRQUNvZENodHljRjlvT2pCUmVsZDVWRmQwU2xsc1pIY3dkVkZWWTNoVmRGRRAB,PLACE,Lawachara,91,100,exact,The Lawachara National Park and Madhabpur Lake are perfect for nature walks and bird watching.,en,gazetteer,,lbcr
Ci9DQUlRQUNvZENodHljRjlvT2pCUmVsZDVWRmQwU2xsc1pIY3dkVkZWWTNoVmRGRRAB,PLACE,Srimangal,0,9,exact,"Srimangal is famous for its endless tea gardens, rolling hills, and peaceful ambiance.",en,gazetteer,,srmngl
ChdDSUhNMG9nS0VJQ0FnSUNoX3RtOXlnRRAB,PLACE,Srimangal,0,9,exact,"Srimangal upazila is one of the most beautiful upazilas of Habiganj district, there is green nature, pleasant environment.",en,gazetteer,,srmngl
Ci9DQUlRQUNvZENodHljRjlvT2pkTk1raEtPRXB6UmxGT1RWVmFjbkpKTjBKalQwRRAB,PLACE,Bandarban,61,70,exact,"​Located about 2,000 feet above sea level and just 5 km from Bandarban town, Nilachal is often called the ""Darjeeling of Bangladesh.",en,gazetteer,,bndrbn
Ci9DQUlRQUNvZENodHljRjlvT2pkTk1raEtPRXB6UmxGT1RWVmFjbkpKTjBKalQwRRAB,PLACE,Bandarban,311,320,exact,This tourist center offers an unparalleled 360-degree panoramic view of the vast mountain ranges and the distant Bandarban town below.,en,gazetteer,,bndrbn
Ci9DQUlRQUNvZENodHljRjlvT2pkTk1raEtPRXB6UmxGT1RWVmFjbkpKTjBKalQwRRAB,PLACE,Bandarban,943,952,exact,"If you want to experience the true majesty of the hills and the serenity of the sky, Nilachal is an essential destination in Bandarban.",en,gazetteer,,bndrbn
Ci9DQUlRQUNvZENodHljRjlvT2pkTk1raEtPRXB6UmxGT1RWVmFjbkpKTjBKalQwRRAB,PLACE,Nilachal,77,85,exact,"​Located about 2,000 feet above sea level and just 5 km from Bandarban town, Nilachal is often called the ""Darjeeling of Bangladesh.",en,gazetteer,,nlcl
Ci9DQUlRQUNvZENodHljRjlvT2pkTk1raEtPRXB6UmxGT1RWVmFjbkpKTjBKalQwRRAB,PLACE,Nilachal,334,342,exact,​Nilachal is most famous for its spectacular sunrise and sunset views.,en,gazetteer,,nlcl
Ci9DQUlRQUNvZENodHljRjlvT2pkTk1raEtPRXB6UmxGT1RWVmFjbkpKTjBKalQwRRAB,PLACE,Nilachal,903,911,exact,"If you want to experience the true majesty of the hills and the serenity of the sky, Nilachal is an essential destination in Bandarban.",en,gazetteer,,nlcl
Ci9DQUlRQUNvZENodHljRjlvT21reU1tOTBhRkJJVFdKNlZXTmFVMnR0VVc5NlFuYxAB,PLACE,Bandarban,49,58,exact,Nilachal is a popular tourist destination in the Bandarban district of Bangladesh.,en,gazetteer,,bndrbn
Ci9DQUlRQUNvZENodHljRjlvT21reU1tOTBhRkJJVFdKNlZXTmFVMnR0VVc5NlFuYxAB,PLACE,Bandarban,178,187,exact,"It is situated on the top of a small hill in a place called Tigerpara, about 6 kilometers from Bandarban town.",en,gazetteer,,bndrbn
Ci9DQUlRQUNvZENodHljRjlvT21reU1tOTBhRkJJVFdKNlZXTmFVMnR0VVc5NlFuYxAB,PLACE,Bandarban,371,380,exact,"From here, you can get a panoramic view of Bandarban town, the winding course of the Sangu River, and the surrounding rows of green hills.",en,gazetteer,,bndrbn
Ci9DQUlRQUNvZENodHljRjlvT21reU1tOTBhRkJJVFdKNlZXTmFVMnR0VVc5NlFuYxAB,PLACE,Bandarban,874,883,exact,"Nilachal can be easily reached from Bandarban town by CNG or ""Chander Gari.",en,gazetteer,,bndrbn
Ci9DQUlRQUNvZENodHljRjlvT21reU1tOTBhRkJJVFdKNlZXTmFVMnR0VVc5NlFuYxAB,PLACE,Nilachal,0,8,exact,Nilachal is a popular tourist destination in the Bandarban district of Bangladesh.,en,gazetteer,,nlcl
Ci9DQUlRQUNvZENodHljRjlvT21reU1tOTBhRkJJVFdKNlZXTmFVMnR0VVc5NlFuYxAB,PLACE,Nilachal,283,291,exact,The main attraction of Nilachal is its captivating natural scenery.,en,gazetteer,,nlcl
Ci9DQUlRQUNvZENodHljRjlvT21reU1tOTBhRkJJVFdKNlZXTmFVMnR0VVc5NlFuYxAB,PLACE,Nilachal,509,517,exact,"During the monsoon season, in particular, Nilachal takes on an extraordinary appearance, covered in clouds, and is known among tourists as the ""Kingdom of Clouds.",en,gazetteer,,nlcl
Ci9DQUlRQUNvZENodHljRjlvT21reU1tOTBhRkJJVFdKNlZXTmFVMnR0VVc5NlFuYxAB,PLACE,Nilachal,838,846,exact,"Nilachal can be easily reached from Bandarban town by CNG or ""Chander Gari.",en,gazetteer,,nlcl
Ci9DQUlRQUNvZENodHljRjlvT21wcVFrNW9jRWhVWVc5U1pYWXRVbmhTZVhWZlNrRRAB,PLACE,Bandarban,34,43,exact,"“Perched at around 2,000 ft above Bandarban town, Nilachal—also known as ‘Tiger Hill’—offers sweeping panoramic views of the hills, clouds, and even distant Chittagong port and Cox’s Bazar on clear days.",en,gazetteer,,bndrbn
Ci9DQUlRQUNvZENodHljRjlvT21wcVFrNW9jRWhVWVc5U1pYWXRVbmhTZVhWZlNrRRAB,PLACE,Nilachal,50,58,exact,"“Perched at around 2,000 ft above Bandarban town, Nilachal—also known as ‘Tiger Hill’—offers sweeping panoramic views of the hills, clouds, and even distant Chittagong port and Cox’s Bazar on clear days.",en,gazetteer,,nlcl
ChZDSUhNMG9nS0VJQ0FnSURMN0lHVkhREAE,PLACE,Nilachal,4,12,exact,"The Nilachal Tourist Center, located in Bangladesh, is a popular destination known for its natural beauty and serene surroundings.",en,gazetteer,,nlcl
ChdDSUhNMG9nS0VOTFluNXE5ajZ5QTBRRRAB,PLACE,Bandarban,76,85,exact,"It's an easily accessible spot near Bandarban town that offers incredible vistas of the surrounding hills and valleys, especially at sunset.",en,gazetteer,,bndrbn
ChdDSUhNMG9nS0VOTFluNXE5ajZ5QTBRRRAB,PLACE,Nilachal,30,38,exact,Stunning panoramic views from Nilachal!,en,gazetteer,,nlcl
Ci9DQUlRQUNvZENodHljRjlvT21sTmRXNVFORWQzTkZGd1dEQXlja05rYjNnMWFIYxAB,PLACE,Bandarban,53,62,exact,"Very good place to see mountain ⛰️ view, Also to see Bandarban from this hill",en,gazetteer,,bndrbn
ChdDSUhNMG9nS0VJQ0FnSUR2cG96TDJnRRAB,PLACE,Bandarban,50,59,exact,You can see the Bandarban city through the greenery from the top of the hill.,en,gazetteer,,bndrbn
ChdDSUhNMG9nS0VJQ0FnSUR2cG96TDJnRRAB,PLACE,Bandarban,294,303,exact,Most importantly it takes only 15 mins from Bandarban city.,en,gazetteer,,bndrbn
ChdDSUhNMG9nS0VJQ0FnSUN2eTRMa3J3RRAB,PLACE,Bandarban,68,77,exact,"Nilachal Tourist Centre is a popular tourist destination located in Bandarban, a district in the Chittagong Hill Tracts of Bangladesh.",en,gazetteer,,bndrbn
ChdDSUhNMG9nS0VJQ0FnSUN2eTRMa3J3RRAB,PLACE,Bandarban,1094,1103,exact,"The lake and the surrounding area are known for their tranquility and natural beauty, making it a must-visit spot for those exploring Bandarban.",en,gazetteer,,bndrbn
ChdDSUhNMG9nS0VJQ0FnSUN2eTRMa3J3RRAB,PLACE,Bandarban,1396,1405,exact,"Overall, Nilachal Tourist Centre is a perfect blend of nature, adventure, and serenity, attracting both local and international visitors to explore the beauty of Bandarban.",en,gazetteer,,bndrbn
ChdDSUhNMG9nS0VJQ0FnSUN2eTRMa3J3RRAB,PLACE,Boga Lake,860,869,exact,"One of the key attractions near Nilachal is the ""Boga Lake,"" a high-altitude lake that draws trekkers and adventure seekers from across the country.",en,gazetteer,,bg lk
ChdDSUhNMG9nS0VJQ0FnSUN2eTRMa3J3RRAB,PLACE,Nilachal,0,8,exact,"Nilachal Tourist Centre is a popular tourist destination located in Bandarban, a district in the Chittagong Hill Tracts of Bangladesh.",en,gazetteer,,nlcl
ChdDSUhNMG9nS0VJQ0FnSUN2eTRMa3J3RRAB,PLACE,Nilachal,174,182,exact,"Known for its stunning natural beauty, Nilachal offers a picturesque view of the surrounding hills, forests, and valleys.",en,gazetteer,,nlcl
ChdDSUhNMG9nS0VJQ0FnSUN2eTRMa3J3RRAB,PLACE,Nilachal,414,422,exact,"Visitors to Nilachal can enjoy panoramic views of the nearby hills, including the famous ""Nilgiri"" mountain range.",en,gazetteer,,nlcl
ChdDSUhNMG9nS0VJQ0FnSUN2eTRMa3J3RRAB,PLACE,Nilachal,843,851,exact,"One of the key attractions near Nilachal is the ""Boga Lake,"" a high-altitude lake that draws trekkers and adventure seekers from across the country.",en,gazetteer,,nlcl
ChdDSUhNMG9nS0VJQ0FnSUN2eTRMa3J3RRAB,PLACE,Nilachal,1105,1113,exact,"Nilachal also serves as a starting point for treks to other scenic spots in the region, such as Nafakhum and Remakri waterfalls.",en,gazetteer,,nlcl
ChdDSUhNMG9nS0VJQ0FnSUN2eTRMa3J3RRAB,PLACE,Nilachal,1243,1251,exact,"Overall, Nilachal Tourist Centre is a perfect blend of nature, adventure, and serenity, attracting both local and international visitors to explore the beauty of Bandarban.",en,gazetteer,,nlcl
ChdDSUhNMG9nS0VJQ0FnSUN2eTRMa3J3RRAB,PLACE,Nilgiri,492,499,exact,"Visitors to Nilachal can enjoy panoramic views of the nearby hills, including the famous ""Nilgiri"" mountain range.",en,gazetteer,,nlgr
ChdDSUhNMG9nS0VJQ0FnSUNYMU9tQ3pRRRAB,PLACE,Bandarban,12,21,exact,"Nilachol in Bandarban is a stunning spot, especially known for its breathtaking sunrise views.",en,gazetteer,,bndrbn
ChdDSUhNMG9nS0VJQ0FnTURncWZTUmdnRRAB,PLACE,Bandarban,113,122,exact,"Nilachal, often referred to as the “Darjeeling of Bangladesh,” is a picturesque hilltop destination located near Bandarban town.",en,gazetteer,,bndrbn
ChdDSUhNMG9nS0VJQ0FnTURncWZTUmdnRRAB,PLACE,Nilachal,0,8,exact,"Nilachal, often referred to as the “Darjeeling of Bangladesh,” is a picturesque hilltop destination located near Bandarban town.",en,gazetteer,,nlcl
ChZDSUhNMG9nS0VJQ0FnSUR2cjktT01REAE,PLACE,Bandarban,12,21,exact,Nilachal in Bandarban is a breathtaking tourist destination that offers stunning panoramic views of the hills and clouds.,en,gazetteer,,bndrbn
ChZDSUhNMG9nS0VJQ0FnSUR2cjktT01REAE,PLACE,Bandarban,573,582,exact,"It’s a must-visit location for anyone traveling to Bandarban, showcasing the true beauty of nature in Bangladesh.",en,gazetteer,,bndrbn
ChZDSUhNMG9nS0VJQ0FnSUR2cjktT01REAE,PLACE,Nilachal,0,8,exact,Nilachal in Bandarban is a breathtaking tourist destination that offers stunning panoramic views of the hills and clouds.,en,gazetteer,,nlcl
ChZDSUhNMG9nS0VJQ0FnSUR2cjktT01REAE,PLACE,Nilachal,376,384,exact,Watching the sunrise or sunset from Nilachal is a magical experience that you’ll never forget.,en,gazetteer,,nlcl
ChZDSUhNMG9nS0VKand5S0dINTRtamRREAE,PLACE,Bandarban,64,73,exact,If you want to see the whole scenario of Bandarban in a Single view Nilachal is the best option.,en,gazetteer,,bndrbn
ChZDSUhNMG9nS0VKand5S0dINTRtamRREAE,PLACE,Nilachal,91,99,exact,If you want to see the whole scenario of Bandarban in a Single view Nilachal is the best option.,en,gazetteer,,nlcl
Ci9DQUlRQUNvZENodHljRjlvT21wVmRIYzJZamRyUlRkd2QzVlROWEJ6UmpkRWNVRRAB,PLACE,Bandarban,64,73,exact,If you want to see the whole scenario of Bandarban in a Single view Nilachal is the best option.,en,gazetteer,,bndrbn
Ci9DQUlRQUNvZENodHljRjlvT21wVmRIYzJZamRyUlRkd2QzVlROWEJ6UmpkRWNVRRAB,PLACE,Nilachal,91,99,exact,If you want to see the whole scenario of Bandarban in a Single view Nilachal is the best option.,en,gazetteer,,nlcl
Ci9DQUlRQUNvZENodHljRjlvT2s5VU0yaHNOMmx4ZURORFJGRnJUMmhxUlhSeE1HYxAB,PLACE,Jaflong,8,15,exact,"Visited Jaflong in the off‑season, water level was low and boat rides were limited, but the riverbank, stone formations, and hill views were still peaceful and photogenic.",en,gazetteer,,jflng
Ci9DQUlRQUNvZENodHljRjlvT2t3eVNXNVhTVWRqVm1OMVptaDBRVWg2TmpobFJHYxAB,PLACE,Jaflong,0,7,exact,Jaflong is truly the crown of Sylhet.,en,gazetteer,,jflng
Ci9DQUlRQUNvZENodHljRjlvT2t3eVNXNVhTVWRqVm1OMVptaDBRVWg2TmpobFJHYxAB,PLACE,Jaflong,137,144,exact,"The moment you enter Jaflong, the view of the mountains ahead is so breathtaking that it instantly lifts your mood.",en,gazetteer,,jflng
Ci9DQUlRQUNvZENodHljRjlvT2t3eVNXNVhTVWRqVm1OMVptaDBRVWg2TmpobFJHYxAB,PLACE,Jaflong,810,817,exact,"​All in all, you won't truly understand the beauty of Jaflong until you visit it at least once.",en,gazetteer,,jflng
Ci9DQUlRQUNvZENodHljRjlvT2t3eVNXNVhTVWRqVm1OMVptaDBRVWg2TmpobFJHYxAB,TIP,Go in the morning to beat the crowd,902,937,exact,​Tip: Go in the morning to beat the crowd and get the absolute best views.,en,gazetteer,,g in t mrng t bt t crbd
Ci9DQUlRQUNvZENodHljRjlvT2t3eVNXNVhTVWRqVm1OMVptaDBRVWg2TmpobFJHYxAB,TIP,bargain at all the nearby shops,664,695,exact,"Also, be sure to bargain at all the nearby shops; if you don't, there's a high chance of getting ripped off.",en,gazetteer,,brgn at al t nrb sps
Ci9DQUlRQUNvZENodHljRjlvT2pSRk1WbHNlRVIzWjJSMlZuSmxVSEpuY0RKNFowRRAB,PLACE,Jaflong,46,53,exact,"Alhamdulillah, I had the opportunity to visit Jaflong, which is widely known as one of the most popular tourist destinations in Sylhet.",en,gazetteer,,jflng
Ci9DQUlRQUNvZENodHljRjlvT2pSRk1WbHNlRVIzWjJSMlZuSmxVSEpuY0RKNFowRRAB,PLACE,Jaflong,735,742,exact,"With better care and cleanliness, Jaflong could truly reflect the beauty that people often talk about.",en,gazetteer,,jflng
Ci9DQUlRQUNvZENodHljRjlvT210SlNIWlVaMTh4VWxkdFJ6SlBkVlpmWlZKdVRVRRAB,PLACE,Jaflong,0,7,exact,"Jaflong Zero Point is one of the most captivating natural attractions in Bangladesh, offering a rare blend of serenity and raw beauty at the edge of the country.",en,gazetteer,,jflng
Ci9DQUlRQUNvZENodHljRjlvT210SlNIWlVaMTh4VWxkdFJ6SlBkVlpmWlZKdVRVRRAB,PLACE,Jaflong,761,768,exact,What makes Jaflong Zero Point truly special is its cultural and geographical uniqueness.,en,gazetteer,,jflng
Ci9DQUlRQUNvZENodHljRjlvT210SlNIWlVaMTh4VWxkdFJ6SlBkVlpmWlZKdVRVRRAB,PLACE,Jaflong,1195,1202,exact,"Still, despite these issues, Jaflong Zero Point remains a must-visit destination for nature lovers seeking peace, scenic beauty, and a touch of adventure.",en,gazetteer,,jflng
Ci9DQUlRQUNvZENodHljRjlvT2xWVVdUQm1jamhSVUc1bmVXRkVabGN0VVZKeGRWRRAB,PLACE,Jaflong,0,7,exact,Jaflong Zero Point is one of the most beautiful places in Sylhet.,en,gazetteer,,jflng
Ci9DQUlRQUNvZENodHljRjlvT2s5c2NtZHZaekJRTkRWQ2RHVnZVSEl0UzJSV2RrRRAB,PLACE,Jaflong,61,68,exact,"​I recently visited Jaflong Zero Point over the weekend, and it was an absolutely breathtaking experience.",en,gazetteer,,jflng
Ci9DQUlRQUNvZENodHljRjlvT2s5c2NtZHZaekJRTkRWQ2RHVnZVSEl0UzJSV2RrRRAB,ACCESS,take a boat ride to the precise Zero,984,1020,exact,​My Tips for Visitors: ​Boat Ride: Definitely take a boat ride to the precise Zero Point.,en,gazetteer,,tk a bt rd t t prcs jr
Ci9DQUlRQUNvZENodHljRjlvT2toS1QzTmpYMHhrTmxVeU16azFWMVJtVVhkRFFrRRAB,PLACE,Jaflong,0,7,exact,"Jaflong is a hill station and tourist destination in the Division of Sylhet, Bangladesh.",en,gazetteer,,jflng
Ci9DQUlRQUNvZENodHljRjlvT2pkeU5tdENORE14VlhGZmJFSXplRVZIUmpWRU1HYxAB,PLACE,Jaflong,44,51,exact,"Nestled in the northeastern part of Sylhet, Jaflong is one of Bangladesh’s most scenic natural destinations.",en,gazetteer,,jflng
Ci9DQUlRQUNvZENodHljRjlvT2pkeU5tdENORE14VlhGZmJFSXplRVZIUmpWRU1HYxAB,PLACE,Jaflong,182,189,exact,"Known for its crystal-clear river, rolling hills, and stone collections, Jaflong offers a peaceful escape from busy city life.",en,gazetteer,,jflng
Ci9DQUlRQUNvZENodHljRjlvT2pkeU5tdENORE14VlhGZmJFSXplRVZIUmpWRU1HYxAB,PLACE,Jaflong,253,260,exact,"The highlight of Jaflong is the breathtaking view of the Dawki River, where the water is so transparent that you can see the riverbed clearly.",en,gazetteer,,jflng
Ci9DQUlRQUNvZENodHljRjlvT2pkeU5tdENORE14VlhGZmJFSXplRVZIUmpWRU1HYxAB,PLACE,Jaflong,859,866,exact,"However, Jaflong has faced environmental concerns due to excessive stone extraction, which slightly affects its natural beauty.",en,gazetteer,,jflng
Ci9DQUlRQUNvZENodHljRjlvT2pjNVQxVkpZbkJFTjBrNE9EZ3dVak5MVkcxWk1GRRAB,PLACE,Jaflong,0,7,exact,Jaflong: Jaflong is a hill station and tourist destination in the Sylhet division of Bangladesh.,en,gazetteer,,jflng
Ci9DQUlRQUNvZENodHljRjlvT2pjNVQxVkpZbkJFTjBrNE9EZ3dVak5MVkcxWk1GRRAB,PLACE,Jaflong,9,16,exact,Jaflong: Jaflong is a hill station and tourist destination in the Sylhet division of Bangladesh.,en,gazetteer,,jflng
Ci9DQUlRQUNvZENodHljRjlvT2pjNVQxVkpZbkJFTjBrNE9EZ3dVak5MVkcxWk1GRRAB,PLACE,Jaflong,354,361,exact,Jaflong is located between tea gardens and hills.,en,gazetteer,,jflng
Ci9DQUlRQUNvZENodHljRjlvT2pjNVQxVkpZbkJFTjBrNE9EZ3dVak5MVkcxWk1GRRAB,PLACE,Jaflong,531,538,exact,"According to historians, for thousands of years, Jaflong was a secluded forest land under the Khasia Jainta-Raja.",en,gazetteer,,jflng
Ci9DQUlRQUNvZENodHljRjlvT2pjNVQxVkpZbkJFTjBrNE9EZ3dVak5MVkcxWk1GRRAB,PLACE,Jaflong,714,721,exact,"Although the Khasia-Jainta kingdom came to an end in 1954 with the abolition of the zamindari system, a large area of Jaflong remained fallow for several years.",en,gazetteer,,jflng
Ci9DQUlRQUNvZENodHljRjlvT2pjNVQxVkpZbkJFTjBrNE9EZ3dVak5MVkcxWk1GRRAB,PLACE,Jaflong,790,797,exact,"Later, traders started coming to Jaflong by river from different areas in search of stones, and as the stone trade expanded, new settlements were eventually established.",en,gazetteer,,jflng
Ci9DQUlRQUNvZENodHljRjlvT2pjNVQxVkpZbkJFTjBrNE9EZ3dVak5MVkcxWk1GRRAB,PLACE,Jaflong,964,971,exact,"Standing on the Bangladesh border in Jaflong, one can see the high mountain ranges within the Indian border.",en,gazetteer,,jflng
Ci9DQUlRQUNvZENodHljRjlvT2toc1Mya3dhbEp5YjNscE4ybDBXVlExV2pWNVRrRRAB,PLACE,Jaflong,0,7,exact,Jaflong – A Timeless Geological & Historical Marvel ​Historical Significance: Jaflong is not Merely a tourist destination; it is an iconic frontier that represents our rich Geological heritage.,en,gazetteer,,jflng
Ci9DQUlRQUNvZENodHljRjlvT2toc1Mya3dhbEp5YjNscE4ybDBXVlExV2pWNVRrRRAB,PLACE,Jaflong,78,85,exact,Jaflong – A Timeless Geological & Historical Marvel ​Historical Significance: Jaflong is not Merely a tourist destination; it is an iconic frontier that represents our rich Geological heritage.,en,gazetteer,,jflng
Ci9DQUlRQUNvZENodHljRjlvT2toc1Mya3dhbEp5YjNscE4ybDBXVlExV2pWNVRrRRAB,PLACE,Jaflong,541,548,exact,​Seasonal Dynamics & Aesthetic Appeal: The scenic Grandeur of Jaflong shifts Dramatically with the seasons.,en,gazetteer,,jflng
Ci9DQUlRQUNvZENodHljRjlvT2toc1Mya3dhbEp5YjNscE4ybDBXVlExV2pWNVRrRRAB,PLACE,Jaflong,865,872,exact,"Conversely, during the Monsoon (June to September), Jaflong transforms into a majestic spectacle.",en,gazetteer,,jflng
Ci9DQUlRQUNvZENodHljRjlvT2toc1Mya3dhbEp5YjNscE4ybDBXVlExV2pWNVRrRRAB,PLACE,Jaflong,2160,2167,exact,I urge every discerning traveler to uphold the pristine Integrity of Jaflong—strictly refrain from disposing of plastic or non-Biodegradable waste into the water.,en,gazetteer,,jflng
Ci9DQUlRQUNvZENodHljRjlvT2toc1Mya3dhbEp5YjNscE4ybDBXVlExV2pWNVRrRRAB,PLACE,Jaflong,2280,2287,exact,​Final Verdict: Promoting Jaflong is crucial to bolstering Bangladesh's stature on the International tourism map.,en,gazetteer,,jflng
Ci9DQUlRQUNvZENodHljRjlvT210alVWZFJOMlZ3VEhKRFVXNDNPRWxzVnpSUk1WRRAB,PLACE,Jaflong,0,7,exact,"Jaflong Zero Point – Where Nature Meets the Border of Beauty Jaflong Zero Point is one of the most breathtaking and iconic tourist spots in Sylhet, Bangladesh.",en,gazetteer,,jflng
Ci9DQUlRQUNvZENodHljRjlvT210alVWZFJOMlZ3VEhKRFVXNDNPRWxzVnpSUk1WRRAB,PLACE,Jaflong,61,68,exact,"Jaflong Zero Point – Where Nature Meets the Border of Beauty Jaflong Zero Point is one of the most breathtaking and iconic tourist spots in Sylhet, Bangladesh.",en,gazetteer,,jflng
Ci9DQUlRQUNvZENodHljRjlvT210alVWZFJOMlZ3VEhKRFVXNDNPRWxzVnpSUk1WRRAB,PLACE,Jaflong,536,543,exact,The crystal-clear river flowing over layers of colorful stones is the main attraction of Jaflong Zero Point.,en,gazetteer,,jflng
Ci9DQUlRQUNvZENodHljRjlvT210alVWZFJOMlZ3VEhKRFVXNDNPRWxzVnpSUk1WRRAB,PLACE,Jaflong,914,921,exact,"Jaflong is also famous for its stone collection area, where you can see local workers collecting stones from the river.",en,gazetteer,,jflng
Ci9DQUlRQUNvZENodHljRjlvT210alVWZFJOMlZ3VEhKRFVXNDNPRWxzVnpSUk1WRRAB,PLACE,Jaflong,1286,1293,exact,"The weather at Jaflong Zero Point is usually pleasant, and during the rainy season, the river becomes more lively and powerful, making the scenery even more dramatic.",en,gazetteer,,jflng
Ci9DQUlRQUNvZENodHljRjlvT210alVWZFJOMlZ3VEhKRFVXNDNPRWxzVnpSUk1WRRAB,PLACE,Jaflong,1610,1617,exact,"For travelers, photographers, and nature lovers, Jaflong Zero Point is a place of peace and inspiration.",en,gazetteer,,jflng
Ci9DQUlRQUNvZENodHljRjlvT210alVWZFJOMlZ3VEhKRFVXNDNPRWxzVnpSUk1WRRAB,PLACE,Jaflong,1871,1878,exact,"Whether you’re visiting with friends, family, or alone, Jaflong Zero Point leaves a lasting impression that stays in your heart long after you leave.",en,gazetteer,,jflng
Ci9DQUlRQUNvZENodHljRjlvT210alVWZFJOMlZ3VEhKRFVXNDNPRWxzVnpSUk1WRRAB,PLACE,Jaflong,2026,2033,exact,"If you truly want to witness the untouched beauty of Sylhet, Jaflong Zero Point is a destination you must visit at least once in your lifetime.",en,gazetteer,,jflng
Ci9DQUlRQUNvZENodHljRjlvT2xKblUzYzJVakJyWTA1U1dFNVNMWE5TTm5kSVYyYxAB,PLACE,jaflong,433,440,exact,"Overall, don't stay in jaflong in winter, it's horrible.",en,gazetteer,,jflng
Ci9DQUlRQUNvZENodHljRjlvT2pseU5qQlBVVVZIYkRJMlVteDFXR3RwYmw5cFFXYxAB,PLACE,jaflong,10,17,exact,I visited jaflong zero point a few months ago and absolutely loved the scenery.,en,gazetteer,,jflng
Ci9DQUlRQUNvZENodHljRjlvT25wZk5GUnlkazFYUWpSRlFXOVBYM3BYWkRsdlprRRAB,PLACE,Sundarbans,1053,1063,exact,"During the rainy season, the forest transforms into a magical water kingdom, often earning it the nickname “The Amazon of Bangladesh” or “The Sundarbans of Sylhet.",en,gazetteer,,sndrbns
Ci9DQUlRQUNvZENodHljRjlvT25wZk5GUnlkazFYUWpSRlFXOVBYM3BYWkRsdlprRRAB,PLACE,Ratargul,0,8,exact,Ratargul Swamp Forest is the only freshwater swamp forest in Bangladesh and one of the rarest swamp forests in the world.,en,gazetteer,,rtrgl
Ci9DQUlRQUNvZENodHljRjlvT25wZk5GUnlkazFYUWpSRlFXOVBYM3BYWkRsdlprRRAB,PLACE,Ratargul,612,620,exact,"Ratargul is home to numerous species of plants, birds, fish, reptiles, and mammals, making it an important biodiversity hotspot in Bangladesh.",en,gazetteer,,rtrgl
Ci9DQUlRQUNvZENodHljRjlvT25wZk5GUnlkazFYUWpSRlFXOVBYM3BYWkRsdlprRRAB,PLACE,Ratargul,1250,1258,exact,"Beyond its natural beauty, Ratargul plays a vital role in maintaining the ecological balance of the region.",en,gazetteer,,rtrgl
Ci9DQUlRQUNvZENodHljRjlvT25wZk5GUnlkazFYUWpSRlFXOVBYM3BYWkRsdlprRRAB,PLACE,Ratargul,1520,1528,exact,"Whether you are looking for adventure, relaxation, photography, or simply a chance to connect with nature, Ratargul Swamp Forest offers a unique and memorable experience that showcases the incredible natural beauty of Bangladesh.",en,gazetteer,,rtrgl
Ci9DQUlRQUNvZENodHljRjlvT2xCVmNGVmZaMnMzWnpKWlptb3hSVk5IY1RSRVpVRRAB,PLACE,Ratargul,0,8,exact,Ratargul Swamp Forest is a truly beautiful and unique place to visit.,en,gazetteer,,rtrgl
Ci9DQUlRQUNvZENodHljRjlvT21kM1lYWnFhbUpYZUVOMlYyNDRjRzlEU0ROWmJrRRAB,PLACE,Ratargul,0,8,exact,Ratargul Swamp Forest is the only freshwater swamp forest in Bangladesh and one of the most unique natural attractions in the country.,en,gazetteer,,rtrgl
Ci9DQUlRQUNvZENodHljRjlvT2xWYVpVMUVOR2N4Vm01U0xVczNSV1k0Y0ZrMmJWRRAB,PLACE,Ratargul,2,10,exact,"​""Ratargul is a stunning swamp forest where adventure awaits at every turn as boatmen row through the narrow watery trails.",en,gazetteer,,rtrgl
Ci9DQUlRQUNvZENodHljRjlvT2swM1YwUnpZVk5pU0ZBNVYySk9ZVlUyV2poNlJGRRAB,PLACE,Ratargul,2,10,exact,"**Ratargul Swamp Forest** is the ""Amazon of Bangladesh,"" located about 26 km from Sylhet city.",en,gazetteer,,rtrgl
Ci9DQUlRQUNvZENodHljRjlvT25CUFQzQjFVVVJDUkV4M1VWSldlVGRsVEc1R1dVRRAB,PLACE,Ratargul,9,17,exact,Visiting Ratargul Swamp Forest is truly a unique experience that feels like stepping into another world.,en,gazetteer,,rtrgl
Ci9DQUlRQUNvZENodHljRjlvT21kS2NWaG5WWEpQVW1wNU1YSkxPV2N4WjNvd2VIYxAB,PLACE,Ratargul,0,8,exact,Ratargul Swamp Forest is truly one of the most unique and magical places I’ve ever visited in Sylhet.,en,gazetteer,,rtrgl
Ci9DQUlRQUNvZENodHljRjlvT21kS2NWaG5WWEpQVW1wNU1YSkxPV2N4WjNvd2VIYxAB,PLACE,Ratargul,353,361,exact,The best way to explore Ratargul is by boat.,en,gazetteer,,rtrgl
Ci9DQUlRQUNvZENodHljRjlvT21kS2NWaG5WWEpQVW1wNU1YSkxPV2N4WjNvd2VIYxAB,PLACE,Ratargul,917,925,exact,"Ratargul doesn’t have many shops or restaurants, so it’s best to carry your essentials.",en,gazetteer,,rtrgl
Ci9DQUlRQUNvZENodHljRjlvT21kS2NWaG5WWEpQVW1wNU1YSkxPV2N4WjNvd2VIYxAB,PLACE,Ratargul,1135,1143,exact,"If you love nature, photography, or quiet adventures, Ratargul Swamp Forest should definitely be on your travel list.",en,gazetteer,,rtrgl
Ci9DQUlRQUNvZENodHljRjlvT21kS2NWaG5WWEpQVW1wNU1YSkxPV2N4WjNvd2VIYxAB,TIP,carry your essentials,982,1003,exact,"Ratargul doesn’t have many shops or restaurants, so it’s best to carry your essentials.",en,gazetteer,,cr yr esntls
Ci9DQUlRQUNvZENodHljRjlvT2sxV1NIazNXbFY2YURCSlR6bDVZWFJ2V2pnellXYxAB,PLACE,Saint Martin,0,12,exact,"Saint Martin's Island is the only coral island of Bangladesh,only 3 sq km, it is 9 km from Cox’s Bazar -Teknaf peninsula.",en,gazetteer,,snt mrtn
Ci9DQUlRQUNvZENodHljRjlvT2sxV1NIazNXbFY2YURCSlR6bDVZWFJ2V2pnellXYxAB,PLACE,Cox's Bazar,356,367,exact,"Tourists are interested for the a sea cruise from Cox's Bazar or Naf river cruise from mainland to the island,blue sea water,white sand beach & fresh sea fish.",en,gazetteer,,cks bjr
Ci9DQUlRQUNvZENodHljRjlvT2pJMGNWYzJTemREUld4R1JXVklNbHBYVm1sdlJIYxAB,PLACE,Saint Martin,7,19,exact,I love Saint Martin’s Island.,en,gazetteer,,snt mrtn
Ci9DQUlRQUNvZENodHljRjlvT2xZeVZHUjNVMWhrVjJzdFRGcGtXRFZGVW0xVU0xRRAB,PLACE,Saint Martin,0,12,exact,"Saint Martin's Island is Bangladesh's only coral reef island, a small 8 sq km, picturesque destination in the Bay of Bengal known as ""Narikel Jinjira"" (Coconut Island).",en,gazetteer,,snt mrtn
Ci9DQUlRQUNvZENodHljRjlvT2tScE9UUkpaRGxuWkdvelUwMHlZbXh5V1ROdVRWRRAB,PLACE,Saint Martin,73,85,exact,Saint Martin it is!,en,gazetteer,,snt mrtn
Ci9DQUlRQUNvZENodHljRjlvT2tScE9UUkpaRGxuWkdvelUwMHlZbXh5V1ROdVRWRRAB,PLACE,Saint Martin,180,192,exact,"The sunrise makes you energetic, the eye soothing sunset makes you calm and peaceful, Saint Martin it is!",en,gazetteer,,snt mrtn
Ci9DQUlRQUNvZENodHljRjlvT2tScE9UUkpaRGxuWkdvelUwMHlZbXh5V1ROdVRWRRAB,PLACE,Saint Martin,285,297,exact,Everyone should visit Saint Martin!,en,gazetteer,,snt mrtn
Ci9DQUlRQUNvZENodHljRjlvT25ONkxVRk9VR0ZHVDNCeVNuUk5kRlp6VVZwdGRVRRAB,PLACE,Saint Martin,0,12,exact,"Saint Martin is a beautiful island with clear blue water and a calm, relaxing atmosphere.",en,gazetteer,,snt mrtn
Ci9DQUlRQUNvZENodHljRjlvT2xob1dYZE1RWE0wWVRaMFJqQm9XVzlXUlRCSFNtYxAB,PLACE,Saint Martin,0,12,exact,Saint Martin Island has it’s own unmatched beauty,en,gazetteer,,snt mrtn
Ci9DQUlRQUNvZENodHljRjlvT2s4MWJVZG9VVkp2ZEVWRVVrMU1UbGN6UVRWc1VuYxAB,PLACE,Saint Martin,13,25,exact,"Outstanding, Saint Martin Island is absolutely beautiful & Chira Dip is so nice 💯.",en,gazetteer,,snt mrtn
Ci9DQUlRQUNvZENodHljRjlvT2s4MWJVZG9VVkp2ZEVWRVVrMU1UbGN6UVRWc1VuYxAB,PLACE,Saint Martin,83,95,exact,"Saint Martin Island, Bangladesh's only coral island, captivates with its pristine beaches and clear waters, while Chhera Dwip (often called Chira Dip locally) offers a serene, tide-connected extension perfect for shell collecting and relaxation.",en,gazetteer,,snt mrtn
Ci9DQUlRQUNvZENodHljRjlvT2s4MWJVZG9VVkp2ZEVWRVVrMU1UbGN6UVRWc1VuYxAB,PLACE,Cox's Bazar,382,393,exact,Both spots highlight the Bay of Bengal's beauty near Cox's Bazar.,en,gazetteer,,cks bjr
ChdDSUhNMG9nS0VJQ0FnTURRNm9tTXJBRRAB,PLACE,Saint Martin,0,12,exact,"Saint Martin's Island in Bangladesh is a serene tropical paradise offering crystal-clear waters, stunning coral reefs, and vibrant marine life.",en,gazetteer,,snt mrtn
ChdDSUhNMG9nS0VJQ0FnTURRNm9tTXJBRRAB,PLACE,Saint Martin,435,447,exact,"Nonetheless, Saint Martin's remains a must-visit destination for those seeking a quiet retreat.",en,gazetteer,,snt mrtn
Ci9DQUlRQUNvZENodHljRjlvT25sUE5YTk5ZMk56VTBZNFYwOUZaRXh3Tm5kaVEyYxAB,PLACE,Ratargul,0,8,exact,Ratargul is a natural swamp forest in Bangladesh.,en,gazetteer,,rtrgl
Ci9DQUlRQUNvZENodHljRjlvT25sUE5YTk5ZMk56VTBZNFYwOUZaRXh3Tm5kaVEyYxAB,PLACE,Ratargul,550,558,exact,"I visited Ratargul as a participant in a tour organized by Bangladesh Jamaat-e-Islami, Dhaka Metropolitan North.",en,gazetteer,,rtrgl
Ci9DQUlRQUNvZENodHljRjlvT21SeU1qQmZWMWRZVUZOQlNGVjRSakpSYm14eWVsRRAB,PLACE,Ratargul,0,8,exact,Ratargul Swamp Forest is truly one of the most beautiful and unique places in Bangladesh.,en,gazetteer,,rtrgl
Ci9DQUlRQUNvZENodHljRjlvT21SeU1qQmZWMWRZVUZOQlNGVjRSakpSYm14eWVsRRAB,TIP,visit early in the morning for,666,696,exact,"It’s best to visit early in the morning for a serene experience, avoiding the crowd and heat.",en,gazetteer,,bst erl in t mrng fr
Ci9DQUlRQUNvZENodHljRjlvT2pOMk9IUnhaamxrY1VsellqQnVVa1ZWV2xoT1dHYxAB,PLACE,Ratargul,35,43,exact,Those who love silence u will love Ratargul.,en,gazetteer,,rtrgl
Ci9DQUlRQUNvZENodHljRjlvT25GZk1IcGFZMVpFU1VsdWExTnliMFZVWkhOS2RIYxAB,TIP,bargain for the boat price,104,130,exact,Note: But you need to bargain for the boat price.,en,gazetteer,,brgn fr t bt prc
Ci9DQUlRQUNvZENodHljRjlvT2prNE0zYzFPRTl0ZFc1UWMwOWtXRzFVYzBSUmRsRRAB,PLACE,Ratargul,0,8,exact,"Ratargul Swamp Forest is truly the ""Amazon of Bangladesh"" and visiting this place was an unforgettable experience.",en,gazetteer,,rtrgl
Ci9DQUlRQUNvZENodHljRjlvT2prNE0zYzFPRTl0ZFc1UWMwOWtXRzFVYzBSUmRsRRAB,PLACE,Ratargul,1352,1360,exact,"If you are a nature lover or a photography enthusiast visiting Sylhet, Ratargul should be at the top of your travel list.",en,gazetteer,,rtrgl
Ci9DQUlRQUNvZENodHljRjlvT2prNE0zYzFPRTl0ZFc1UWMwOWtXRzFVYzBSUmRsRRAB,TIP,best time to visit is definitely during the,245,288,exact,"The best time to visit is definitely during the monsoon season when the water level is high, and the trees are partially submerged, creating a mysterious and serene atmosphere.",en,gazetteer,,bst tm t bst is dfntl drng t
ChdDSUhNMG9nS0VMZkR3ZVdpbUtIS3hBRRAB,PLACE,Ratargul,10,18,exact,"I visited Ratargul Swamp Forest, and wow, it was incredible!",en,gazetteer,,rtrgl
Ci9DQUlRQUNvZENodHljRjlvT2tkQldWOWtaRVJLVERCdlIxcEJPV1F0WkZjM04xRRAB,PLACE,Saint Martin,10,22,exact,"I visited Saint Martin’s Island at the end of 2020, during the first week of November, and the experience still feels fresh in my heart.",en,gazetteer,,snt mrtn
Ci9DQUlRQUNvZENodHljRjlvT2tkQldWOWtaRVJLVERCdlIxcEJPV1F0WkZjM04xRRAB,PLACE,Saint Martin,1256,1268,exact,"And if anyone ever asks me for a place to experience peace, beauty, and unforgettable memories, Saint Martin’s Island will be my first recommendation.",en,gazetteer,,snt mrtn
Ci9DQUlRQUNvZENodHljRjlvT2tkQldWOWtaRVJLVERCdlIxcEJPV1F0WkZjM04xRRAB,TIP,carry with me,1002,1015,exact,"There were so many little moments, walking barefoot on the beach, watching the sun slowly rise over the horizon, feeling the sand between my toes that I still carry with me.",en,gazetteer,,cr bt m
ChdDSUhNMG9nS0VJQ0FnSUQzdGJ1QWl3RRAB,PLACE,Saint Martin,0,12,exact,"Saint Martin’s Island is Bangladesh’s only coral island, famous for clear water, sandy beaches, and fresh seafood.",en,gazetteer,,snt mrtn
ChdDSUhNMG9nS0VQalIxS3lEdElXcHpRRRAB,PLACE,Saint Martin,15,27,exact,"Alhamdulillah, Saint Martin Island is so beautiful and a blessing for us.",en,gazetteer,,snt mrtn
ChdDSUhNMG9nS0VQalIxS3lEdElXcHpRRRAB,PLACE,Saint Martin,260,272,exact,"However, the cycling is bit difficult in Saint Martin owing to sandy beach.",en,gazetteer,,snt mrtn
ChdDSUhNMG9nS0VJQ0FnSURfM2NYZTRRRRAB,PLACE,Saint Martin,0,12,exact,"Saint Martin Island Review Saint Martin Island, the only coral island in Bangladesh, is a small yet stunning tropical paradise.",en,gazetteer,,snt mrtn
ChdDSUhNMG9nS0VJQ0FnSURfM2NYZTRRRRAB,PLACE,Saint Martin,27,39,exact,"Saint Martin Island Review Saint Martin Island, the only coral island in Bangladesh, is a small yet stunning tropical paradise.",en,gazetteer,,snt mrtn
ChdDSUhNMG9nS0VJQ0FnSURfM2NYZTRRRRAB,PLACE,Saint Martin,964,976,exact,"• Boating to Chera Dwip: Visit the small, picturesque island near Saint Martin.",en,gazetteer,,snt mrtn
ChdDSUhNMG9nS0VJQ0FnSURfM2NYZTRRRRAB,PLACE,Saint Martin,1672,1684,exact,Overall Rating: 5/5 Saint Martin Island offers a unique experience with its natural beauty and tranquil vibes.,en,gazetteer,,snt mrtn
ChZDSUhNMG9nS0VJQ0FnTURnbUpMellBEAE,PLACE,Saint Martin,0,12,exact,"Saint Martin’s Island, the only coral island in Bangladesh, is a breathtaking destination for travelers seeking natural beauty, tranquility, and adventure.",en,gazetteer,,snt mrtn
ChZDSUhNMG9nS0VJQ0FnTURnbUpMellBEAE,PLACE,Saint Martin,704,716,exact,Things to Do Saint Martin’s Island offers various activities for nature lovers and adventure seekers.,en,gazetteer,,snt mrtn
ChZDSUhNMG9nS0VJQ0FnTURnbUpMellBEAE,PLACE,Saint Martin,1819,1831,exact,"Overall, my trip to Saint Martin’s Island was truly magical.",en,gazetteer,,snt mrtn
ChZDSUhNMG9nS0VJQ0FnTURnbUpMellBEAE,TIP,best time to visit is between November and March,1600,1648,exact,Tips for Travelers The best time to visit is between November and March when the weather is pleasant.,en,gazetteer,,bst tm t bst is btbn nbmbr and mrc
ChdDSUhNMG9nS0VJQ0FnSUNmZ2Jmd2hnRRAB,PLACE,Cox's Bazar,315,326,exact,Here’s an overview of the island: Geography Location: Approximately 9 kilometers south of the Cox's Bazar-Teknaf peninsula and about 8 kilometers west of Myanmar's coast.,en,gazetteer,,cks bjr
Ci9DQUlRQUNvZENodHljRjlvT2tGT0xVazVPRTluWW5CTWF6aFpXblZ2ZWpsMmFsRRAB,PLACE,Sonargaon,50,59,exact,"Panam Nagar is a historic ancient city located in Sonargaon, Narayanganj District, Bangladesh.",en,gazetteer,,snrgn
Ci9DQUlRQUNvZENodHljRjlvT2tGT0xVazVPRTluWW5CTWF6aFpXblZ2ZWpsMmFsRRAB,PLACE,Sonargaon,147,156,exact,"The history of Sonargaon dates back to the 13th century, when it was the capital of Bengal.",en,gazetteer,,snrgn
Ci9DQUlRQUNvZENodHljRjlvT2tGT0xVazVPRTluWW5CTWF6aFpXblZ2ZWpsMmFsRRAB,PLACE,Sonargaon,287,296,exact,Very close to it is the Bangladesh Folk and Crafts Foundation (Sonargaon Museum).,en,gazetteer,,snrgn
Ci9DQUlRQUNvZENodHljRjlvT25ReFZsQk9OM0l4U0V3NUxUSkxhek10VUZGNWVFRRAB,PLACE,Sonargaon,54,63,exact,The historic Panam City in Sonargaon holds a rich heritage and fascinating history.,en,gazetteer,,snrgn
Ci9DQUlRQUNvZENodHljRjlvT2pZMFYwTkxkMjFrUWt4TGVUTnRUbTQ0U2kxalozYxAB,PLACE,Sonargaon,148,157,exact,"Located in Sonargaon, this abandoned 19th-century merchant town consists of around 52 surviving, interconnected mansions that once belonged to wealthy Hindu cloth merchants, now draped in vines and moss to create a hauntingly serene ""lost city"" aura.",en,gazetteer,,snrgn
Ci9DQUlRQUNvZENodHljRjlvT2pZMFYwTkxkMjFrUWt4TGVUTnRUbTQ0U2kxalozYxAB,PLACE,Sonargaon,774,783,exact,"Perfect for a quick day trip, a walk down this historic 600-meter street is best paired with a visit to the nearby Sonargaon Folk-Arts & Crafts Museum to fully soak in the region's rich heritage.",en,gazetteer,,snrgn
Ci9DQUlRQUNvZENodHljRjlvT2xoblp6UnpjME5EVW5wdlEzTnFjRWw2ZVV0aVEzYxAB,PLACE,Sardar Bari,87,98,exact,Specially the Entry gate and Sardar Bari (সর্দার বাড়ি in Bengali) was really attractive.,en,gazetteer,,srdr br
Ci9DQUlRQUNvZENodHljRjlvT21WRlRHaElWa2xXTm5scGNDMXdTbFF5ZVY5eVJVRRAB,PLACE,Sonargaon,271,280,exact,"Standing here, you can feel the history of Sonargaon, the ancient capital, and the legacy of the Baro-Bhuyans.",en,gazetteer,,snrgn
Ci9DQUlRQUNvZENodHljRjlvT25CSlZuUlNRVmxWYXpaSllrZzFjazkxTUU5ZlNGRRAB,PLACE,Sonargaon,49,58,exact,"Visited Panam City on our picnic after exploring Sonargaon Museum, and it was an amazing experience.",en,gazetteer,,snrgn
Ci9DQUlRQUNvZENodHljRjlvT25CSlZuUlNRVmxWYXpaSllrZzFjazkxTUU5ZlNGRRAB,PLACE,Sonargaon,365,374,exact,Perfect addition to a university picnic and a must-visit place near Sonargaon.,en,gazetteer,,snrgn
Ci9DQUlRQUNvZENodHljRjlvT2tOdVZrbFpSRzkxZEdaTGMwUXRPSGhCTlRkcE5YYxAB,PLACE,Sonargaon,23,32,exact,"Panam City, located in Sonargaon near Dhaka, is one of the most fascinating historical heritage sites in Bangladesh.",en,gazetteer,,snrgn
Ci9DQUlRQUNvZENodHljRjlvT2xsUVFqZFpYMEZSVFZsSFVrWmZWSGxtTm5OMWNWRRAB,PLACE,Sonargaon,29,38,exact,"Hidden in the quiet heart of Sonargaon, the ghostly ruins of Panam Nagar whisper stories of wealth, beauty, and time’s unrelenting march.",en,gazetteer,,snrgn
Ci9DQUlRQUNvZENodHljRjlvT2xsUVFqZFpYMEZSVFZsSFVrWmZWSGxtTm5OMWNWRRAB,PLACE,Sonargaon,249,258,exact,"Once a bustling neighborhood of affluent Hindu merchants, Panam Nagar flourished during the 19th century, when Sonargaon was a vibrant center for the cotton and muslin trade.",en,gazetteer,,snrgn
Ci9DQUlRQUNvZENodHljRjlvT2xsUVFqZFpYMEZSVFZsSFVrWmZWSGxtTm5OMWNWRRAB,PLACE,Sonargaon,1669,1678,exact,"It’s easily reached from Dhaka, and many visitors pair it with a stop at the nearby Sonargaon Folk Art and Craft Museum.",en,gazetteer,,snrgn
Ci9DQUlRQUNvZENodHljRjlvT2s1d1ltTXdjMUZ1VWxSZlUzVlhlVUUyTlVONVdYYxAB,PLACE,Sonargaon,90,99,exact,"Panam City, also known as Panam Nagar, is a historic and nearly abandoned town located in Sonargaon Upazila, Narayanganj District, Bangladesh.",en,gazetteer,,snrgn
ChdDSUhNMG9nS0VJQ0FnTUNvNmFDVmpnRRAB,PLACE,Sonargaon,68,77,exact,"Panam City, also known as Panam Nagar, is a historic gem located in Sonargaon, Narayanganj, Bangladesh.",en,gazetteer,,snrgn
Ci9DQUlRQUNvZENodHljRjlvT2t0RE9GZFpSM2cwYVZOTFdFRkhPSHBVWjE5cExWRRAB,PLACE,Sonargaon,36,45,exact,"This place is a historical place in Sonargaon,Narayanganj called PanamNagar or Panam City.",en,gazetteer,,snrgn
ChZDSUhNMG9nS0VJQ0FnTURvbUtxaEtBEAE,PLACE,Sonargaon,116,125,exact,""" This historic city is located in Sonargaon Upazila of Narayanganj District, near Dhaka.",en,gazetteer,,snrgn
ChZDSUhNMG9nS0VJQ0FnTURvbUtxaEtBEAE,PLACE,Sonargaon,244,253,exact,"In the 15th century, Isa Khan established the first capital of Bengal in Sonargaon.",en,gazetteer,,snrgn
Ci9DQUlRQUNvZENodHljRjlvT2xaMmNUTkNXR05FY25KclQydzRNRTgzTXpocFNuYxAB,PLACE,Sonargaon,65,74,exact,"Panam Nagari (Panam City) is an ancient historic city located in Sonargaon, Narayanganj, Bangladesh.",en,gazetteer,,snrgn
Ci9DQUlRQUNvZENodHljRjlvT2xaMmNUTkNXR05FY25KclQydzRNRTgzTXpocFNuYxAB,PLACE,Sonargaon,154,163,exact,It was established around the 13th–14th century when Sonargaon was the capital of Bengal under the Sultanate rulers.,en,gazetteer,,snrgn
Ci9DQUlRQUNvZENodHljRjlvT25GYWNVVkhVeTEwVWtkaWVUVmxZVmxQY3pKQmNtYxAB,PLACE,Sonargaon,94,103,exact,"Panam Nagar or ancient Painam City, is a deserted city located 40 kilometres east of Dhaka in Sonargaon.",en,gazetteer,,snrgn
Ci9DQUlRQUNvZENodHljRjlvT25GYWNVVkhVeTEwVWtkaWVUVmxZVmxQY3pKQmNtYxAB,PLACE,Sonargaon,1621,1630,exact,"Yet, the superb architecture of Panam is regularly visited by many tourists on the wrongly assumpted are ruins of the ancient capital city of Sonargaon.",en,gazetteer,,snrgn
Ci9DQUlRQUNvZENodHljRjlvT21RMFoydFhRMHRRVFZkTE1tVnBRWFZ2VG1wM1EzYxAB,PLACE,Bagerhat,40,48,exact,"Sixty Dome Mosque (Shat Gombuj Masjid), Bagerhat I recently visited the magnificent Sixty Dome Mosque, and it was truly one of the most memorable historical and cultural experiences I have had in Bangladesh.",en,gazetteer,,bgrht
Ci9DQUlRQUNvZENodHljRjlvT21RMFoydFhRMHRRVFZkTE1tVnBRWFZ2VG1wM1EzYxAB,PLACE,Bagerhat,323,331,exact,"Built in the 15th century by Khan Jahan Ali, this architectural masterpiece is part of the Historic Mosque City of Bagerhat, a UNESCO World Heritage Site.",en,gazetteer,,bgrht
Ci9DQUlRQUNvZENodHljRjlvT21RMFoydFhRMHRRVFZkTE1tVnBRWFZ2VG1wM1EzYxAB,PLACE,Bagerhat,1757,1765,exact,I highly recommend this incredible heritage site to anyone visiting the Khulna or Bagerhat region.,en,gazetteer,,bgrht
Ci9DQUlRQUNvZENodHljRjlvT21ONFNVWTFORE50UjFCSmREZ3lVVFE1UTBKUVoyYxAB,PLACE,Bagerhat,249,257,exact,"Built in the mid-15th century by Khan Jahan Ali, it serves as the centerpiece of the historic Mosque City of Bagerhat.",en,gazetteer,,bgrht
Ci9DQUlRQUNvZENodHljRjlvT21ONFNVWTFORE50UjFCSmREZ3lVVFE1UTBKUVoyYxAB,PLACE,Bagerhat,1056,1064,exact,"​Historical Museum: A small onsite museum houses artifacts, old stone inscriptions, and detailed information about the restoration of the Bagerhat complex.",en,gazetteer,,bgrht
Ci9DQUlRQUNvZENodHljRjlvT2tsQlpFZEVObVpKZFRnNWFESXhlRWg0T0dsUFdtYxAB,PLACE,Bagerhat,46,54,exact,"The Sixty Dome Mosque (Shat Gombuj Masjid) in Bagerhat, Bangladesh, is a 15th-century UNESCO World Heritage site and the largest Sultanate-era mosque in the country.",en,gazetteer,,bgrht
Ci9DQUlRQUNvZENodHljRjlvT25aVmQzRkNPRVJ0YkRneVdHSnRlVWRZZDNaM1pFRRAB,PLACE,Bagerhat,1502,1510,exact,"Overall, the Shat Gombuj Mosque is an absolute must-visit for anyone traveling to the Bagerhat region or exploring Bangladesh’s rich heritage.",en,gazetteer,,bgrht
Ci9DQUlRQUNvZENodHljRjlvT21kU1dESlJOMkZDUlRKYVZsQXphVkZ1WVY5TVJFRRAB,PLACE,Sundarbans,152,162,exact,"It was built during the Bengal Sultanate by Ulugh Khan Jahan, the governor of the Sundarbans.",en,gazetteer,,sndrbns
Ci9DQUlRQUNvZENodHljRjlvT21kU1dESlJOMkZDUlRKYVZsQXphVkZ1WVY5TVJFRRAB,PLACE,Bagerhat,51,59,exact,"It is the largest mosque in Bangladesh, located at Bagerhat district.",en,gazetteer,,bgrht
Ci9DQUlRQUNvZENodHljRjlvT21kU1dESlJOMkZDUlRKYVZsQXphVkZ1WVY5TVJFRRAB,PLACE,Bagerhat,298,306,exact,"Lots of visitors visit Bagerhat Shat gombuj masque with family, friends.",en,gazetteer,,bgrht
Ci9DQUlRQUNvZENodHljRjlvT205bFgwRlVlVVphVTBzM1MzWXlPWE16U1hKNVNtYxAB,PLACE,Bagerhat,117,125,exact,A must-visit spot in Bagerhat.,en,gazetteer,,bgrht
Ci9DQUlRQUNvZENodHljRjlvT2xkWVlqQkdla2xtYUhWelprcFZkMGx0YW1KWE1FRRAB,TIP,best time to visit,906,924,exact,"Early morning or বিকেলের দিকে (late afternoon) is the best time to visit, as the weather is more pleasant and the lighting is perfect for pictures.",en,gazetteer,,bst tm t bst
Ci9DQUlRQUNvZENodHljRjlvT2tOeFF6UnlXbk5rYzFaRmRrRnJiM05IVEZWd1FVRRAB,PLACE,Ahsan Manzil,46,58,exact,Ahsan Manzil is truly one of the most stunning historical landmarks in Old Dhaka.,en,gazetteer,,ahsn mnjl
Ci9DQUlRQUNvZENodHljRjlvT2xOaWRXRXlNMHhuYjFSdFZrSmZjblpOU0dkM2VVRRAB,PLACE,Ahsan Manzil,0,12,exact,Ahsan Manzil is a historical landmark located on the banks of the Buriganga River in Dhaka.,en,gazetteer,,ahsn mnjl
Ci9DQUlRQUNvZENodHljRjlvT2xOaWRXRXlNMHhuYjFSdFZrSmZjblpOU0dkM2VVRRAB,PLACE,Ahsan Manzil,174,186,exact,Nawab Abdul Gani started the construction of this palace in 1872 and he named it 'Ahsan Manzil' after his favorite son Khwaja Ahsanullah.,en,gazetteer,,ahsn mnjl
Ci9DQUlRQUNvZENodHljRjlvT2xOaWRXRXlNMHhuYjFSdFZrSmZjblpOU0dkM2VVRRAB,PLACE,Ahsan Manzil,673,685,exact,The biggest attraction of a visit to Ahsan Manzil is its museum collection.,en,gazetteer,,ahsn mnjl
Ci9DQUlRQUNvZENodHljRjlvT2xOaWRXRXlNMHhuYjFSdFZrSmZjblpOU0dkM2VVRRAB,PLACE,Ahsan Manzil,778,790,exact,"A total of 4,077 artifacts are open for exhibition in 23 rooms of Ahsan Manzil.",en,gazetteer,,ahsn mnjl
Ci9DQUlRQUNvZENodHljRjlvT2xOaWRXRXlNMHhuYjFSdFZrSmZjblpOU0dkM2VVRRAB,PLACE,Ahsan Manzil,893,905,exact,"The museum has on display the history of Ahsan Manzil, the introduction and genealogy of the Nawabs.",en,gazetteer,,ahsn mnjl
Ci9DQUlRQUNvZENodHljRjlvT2xOaWRXRXlNMHhuYjFSdFZrSmZjblpOU0dkM2VVRRAB,PLACE,Ahsan Manzil,2203,2215,exact,There are separate prayer facilities for both men and women inside the Ahsan Manzil complex.,en,gazetteer,,ahsn mnjl
Ci9DQUlRQUNvZENodHljRjlvT2pCaFF6ZDNSbmRCYXpNeVduSlNZM0pCZDJkeFpHYxAB,PLACE,Ahsan Manzil,0,12,exact,"Ahsan Manzil is one of the most historical places in Dhaka, Bangladesh.",en,gazetteer,,ahsn mnjl
Ci9DQUlRQUNvZENodHljRjlvT214R1RHZFFlR2hyY1hoSkxXUllWMVY2YW5wSGJXYxAB,PLACE,Ahsan Manzil,2,14,exact,🏰 Ahsan Manzil – A Beautiful Symbol of History Ahsan Manzil is truly one of the most stunning historical landmarks in Old Dhaka.,en,gazetteer,,ahsn mnjl
Ci9DQUlRQUNvZENodHljRjlvT214R1RHZFFlR2hyY1hoSkxXUllWMVY2YW5wSGJXYxAB,PLACE,Ahsan Manzil,47,59,exact,🏰 Ahsan Manzil – A Beautiful Symbol of History Ahsan Manzil is truly one of the most stunning historical landmarks in Old Dhaka.,en,gazetteer,,ahsn mnjl
Ci9DQUlRQUNvZENodHljRjlvT201S1RITnNNRFZWVWw4dGRHRnNaMmd4WnpSaFRIYxAB,PLACE,Ahsan Manzil,0,12,exact,Ahsan Manzil is one of the most famous historic buildings in Bangladesh.,en,gazetteer,,ahsn mnjl
Ci9DQUlRQUNvZENodHljRjlvT201S1RITnNNRFZWVWw4dGRHRnNaMmd4WnpSaFRIYxAB,PLACE,Ahsan Manzil,856,868,exact,Ahsan Manzil reminds everyone of Dhaka's rich history and grand past.,en,gazetteer,,ahsn mnjl
Ci9DQUlRQUNvZENodHljRjlvT2tRemFuaHJielJpYkRKeldTMXFTMm8wUVcxWmEzYxAB,PLACE,Ahsan Manzil,0,12,exact,Ahsan Manzil is a historic palace located in the Kumartoli area along the banks of the Buriganga River in Dhaka.,en,gazetteer,,ahsn mnjl
Ci9DQUlRQUNvZENodHljRjlvT2tRemFuaHJielJpYkRKeldTMXFTMm8wUVcxWmEzYxAB,PLACE,Ahsan Manzil,303,315,exact,"Originally constructed in the mid-19th century, Ahsan Manzil was named after Khwaja Ahsanullah, the son of Nawab Abdul Ghani.",en,gazetteer,,ahsn mnjl
Ci9DQUlRQUNvZENodHljRjlvT2tRemFuaHJielJpYkRKeldTMXFTMm8wUVcxWmEzYxAB,PLACE,Ahsan Manzil,950,962,exact,"Today, Ahsan Manzil functions as a museum under the Bangladesh National Museum.",en,gazetteer,,ahsn mnjl
Ci9DQUlRQUNvZENodHljRjlvT2tRemFuaHJielJpYkRKeldTMXFTMm8wUVcxWmEzYxAB,PLACE,Ahsan Manzil,1181,1193,exact,"Ahsan Manzil remains a popular tourist attraction and an important symbol of Bangladesh’s cultural heritage, offering visitors a glimpse into the country’s aristocratic past.",en,gazetteer,,ahsn mnjl
Ci9DQUlRQUNvZENodHljRjlvT2tneFQyZE9PVTlwY0hZMVUybHJRMmhuYzNGWmRVRRAB,PLACE,Ahsan Manzil,0,12,exact,Ahsan Manzil is a historic palace and one of the most iconic landmarks of Old Dhaka.,en,gazetteer,,ahsn mnjl
Ci9DQUlRQUNvZENodHljRjlvT25aNE1qWjZVSEpJYVhGaWQzaEplVVZtTUV4MlpYYxAB,PLACE,Ahsan Manzil,11,23,exact,"A visit to Ahsan Manzil feels amazing, as its magnificent architecture, rich history, and elegant riverside setting offer a glimpse into the glorious past of Old Dhaka.",en,gazetteer,,ahsn mnjl
Ci9DQUlRQUNvZENodHljRjlvT21kWmJFVlVZelI2TW1GVWNVMVZkek0zZDBoaVRFRRAB,PLACE,Ahsan Manzil,47,59,exact,"Ahsan Manzil Museum is beautifully preserved, with stunning architecture and fascinating exhibits that showcase the history of the Nawabs of Dhaka.",en,gazetteer,,ahsn mnjl
Ci9DQUlRQUNvZENodHljRjlvT2xjNVRtdEdaVkJyZG0xeVdtOW9NRGRVYmpCWk4xRRAB,PLACE,Ahsan Manzil,0,12,exact,"Ahsan Manzil started as a Portuguese settlement eventually turning into the present day palace museum, was the seat of the titled Nawabs of Dhaka.",en,gazetteer,,ahsn mnjl
Ci9DQUlRQUNvZENodHljRjlvT2xFMWJsTm9YMUpSWVdKS1NXWXhaamRwTURnMFNHYxAB,PLACE,Ahsan Manzil,0,12,exact,Ahsan Manzil Museum is a famous historical place in Old Dhaka.,en,gazetteer,,ahsn mnjl
Ci9DQUlRQUNvZENodHljRjlvT25sWFVVNUZjVlZMYW1OdU1HZHVSV1Z1TFVsWlZWRRAB,PLACE,Ahsan Manzil,0,12,exact,Ahsan Manzil Museum is one of the most historically significant landmarks in Dhaka and offers a solid glimpse into the Nawab era.,en,gazetteer,,ahsn mnjl
Ci9DQUlRQUNvZENodHljRjlvT21oeFRGUnFiVFpUWVRsMFNHRlNVM2xXUVVjdE1sRRAB,PLACE,Ahsan Manzil,0,12,exact,"Ahsan Manzil Museum, also known as the Pink Palace, is one of Dhaka’s most iconic heritage landmarks.",en,gazetteer,,ahsn mnjl
Ci9DQUlRQUNvZENodHljRjlvT2tGTWIxOVVUV2hPVm1zNWIyZE9TelIxYUdocE1FRRAB,PLACE,Ahsan Manzil,146,158,exact,"Here’s an example of how you might describe a visit to Ahsan Manzil in Dhaka: My Experience Visiting Ahsan Manzil, Dhaka During my trip to Dhaka, I had the chance to visit Ahsan Manzil, one of the city’s most beautiful and historic landmarks.",en,gazetteer,,ahsn mnjl
Ci9DQUlRQUNvZENodHljRjlvT2tGTWIxOVVUV2hPVm1zNWIyZE9TelIxYUdocE1FRRAB,PLACE,Ahsan Manzil,192,204,exact,"Here’s an example of how you might describe a visit to Ahsan Manzil in Dhaka: My Experience Visiting Ahsan Manzil, Dhaka During my trip to Dhaka, I had the chance to visit Ahsan Manzil, one of the city’s most beautiful and historic landmarks.",en,gazetteer,,ahsn mnjl
Ci9DQUlRQUNvZENodHljRjlvT2tGTWIxOVVUV2hPVm1zNWIyZE9TelIxYUdocE1FRRAB,PLACE,Ahsan Manzil,263,275,exact,"Here’s an example of how you might describe a visit to Ahsan Manzil in Dhaka: My Experience Visiting Ahsan Manzil, Dhaka During my trip to Dhaka, I had the chance to visit Ahsan Manzil, one of the city’s most beautiful and historic landmarks.",en,gazetteer,,ahsn mnjl
Ci9DQUlRQUNvZENodHljRjlvT2tGTWIxOVVUV2hPVm1zNWIyZE9TelIxYUdocE1FRRAB,PLACE,Ahsan Manzil,1138,1150,exact,The museum inside is also worth exploring—it showcases the history of Dhaka and the role Ahsan Manzil played in shaping the city’s cultural and political life.,en,gazetteer,,ahsn mnjl
Ci9DQUlRQUNvZENodHljRjlvT21WMFNXRkdSemxTTjNNdFozSktiVzR5VW5sNk5IYxAB,PLACE,Ahsan Manzil,0,12,exact,"Ahsan Manzil is a historic palace situated in Kumartoli along the banks of Buriganga River in Dhaka, Bangladesh.",en,gazetteer,,ahsn mnjl
Ci9DQUlRQUNvZENodHljRjlvT2s0elJrRnVVVmRRWldaSmFsUTBlVFEzTnpKb1ZHYxAB,PLACE,Kuakata,0,7,exact,Kuakata Sea Beach is a beautiful and peaceful place to relax and enjoy nature.,en,gazetteer,,kt
Ci9DQUlRQUNvZENodHljRjlvT210eGNVTkZZbEpDTkV4RFluWXdXbTg0ZWtKM1NsRRAB,PLACE,Kuakata,0,7,exact,"Kuakata sea beach, also known as Sagar Kannya (Daughter of the Sea), is a scenic tourist destination on Bangladesh's southernmost tip, famous for being one of the few places where you can watch both sunrise and sunset over the Bay of Bengal.",en,gazetteer,,kt
Ci9DQUlRQUNvZENodHljRjlvT210eGNVTkZZbEpDTkV4RFluWXdXbTg0ZWtKM1NsRRAB,PLACE,Kuakata,1054,1061,exact,"Practical information Best time to visit: The dry season, from November to March, is the ideal time to visit Kuakata.",en,gazetteer,,kt
Ci9DQUlRQUNvZENodHljRjlvT210eGNVTkZZbEpDTkV4RFluWXdXbTg0ZWtKM1NsRRAB,TIP,Best time to visit,967,985,exact,"Practical information Best time to visit: The dry season, from November to March, is the ideal time to visit Kuakata.",en,gazetteer,,bst tm t bst
Ci9DQUlRQUNvZENodHljRjlvT2s5Zk1XSkVOR05ZYTE5RWNWb3diR0pDVHpoMU1IYxAB,PLACE,Cox's Bazar,324,335,exact,"The wave action is appealing and dynamic, much like the vibrant energy found at Cox's Bazar.",en,gazetteer,,cks bjr
Ci9DQUlRQUNvZENodHljRjlvT2s5Zk1XSkVOR05ZYTE5RWNWb3diR0pDVHpoMU1IYxAB,PLACE,Kuakata,0,7,exact,"Kuakata: A Coastal Sanctuary of Serenity ​Kuakata is a truly captivating destination, and it's time to set the record straight on this coastal gem.",en,gazetteer,,kt
Ci9DQUlRQUNvZENodHljRjlvT2s5Zk1XSkVOR05ZYTE5RWNWb3diR0pDVHpoMU1IYxAB,PLACE,Kuakata,42,49,exact,"Kuakata: A Coastal Sanctuary of Serenity ​Kuakata is a truly captivating destination, and it's time to set the record straight on this coastal gem.",en,gazetteer,,kt
Ci9DQUlRQUNvZENodHljRjlvT2s5Zk1XSkVOR05ZYTE5RWNWb3diR0pDVHpoMU1IYxAB,PLACE,Kuakata,358,365,exact,​What truly elevates Kuakata is its exceptional calm.,en,gazetteer,,kt
Ci9DQUlRQUNvZENodHljRjlvT2s5Zk1XSkVOR05ZYTE5RWNWb3diR0pDVHpoMU1IYxAB,PLACE,Kuakata,560,567,exact,"​For visitors, Kuakata offers remarkable value with accommodations that are generally quite affordable.",en,gazetteer,,kt
Ci9DQUlRQUNvZENodHljRjlvT21sNWFVVXdRbkJXVjFWTVdWWmhXVEkyUmt4RlIxRRAB,PLACE,Gangamati,1786,1795,exact,"* Gangamati Reserved Forest: Just a short distance away, this mangrove forest adds a layer of mystery and wilderness, where nature thrives in silence.",en,gazetteer,,gngmt
Ci9DQUlRQUNvZENodHljRjlvT21sNWFVVXdRbkJXVjFWTVdWWmhXVEkyUmt4RlIxRRAB,PLACE,Gangamati,2006,2015,exact,"* Red Crabs: In the quieter sections of the beach, specifically around Gangamati, thousands of red crabs scuttle across the sand, creating a moving carpet of crimson that vanishes into burrows as you approach.",en,gazetteer,,gngmt
Ci9DQUlRQUNvZENodHljRjlvT21sNWFVVXdRbkJXVjFWTVdWWmhXVEkyUmt4RlIxRRAB,PLACE,Kuakata,0,7,exact,Kuakata: Where the Sun Greets and Bids Farewell Kuakata is not just a beach; it is a rare theater of nature where the sky and the sea perform a duet unlike anywhere else.,en,gazetteer,,kt
Ci9DQUlRQUNvZENodHljRjlvT21sNWFVVXdRbkJXVjFWTVdWWmhXVEkyUmt4RlIxRRAB,PLACE,Kuakata,48,55,exact,Kuakata: Where the Sun Greets and Bids Farewell Kuakata is not just a beach; it is a rare theater of nature where the sky and the sea perform a duet unlike anywhere else.,en,gazetteer,,kt
Ci9DQUlRQUNvZENodHljRjlvT21sNWFVVXdRbkJXVjFWTVdWWmhXVEkyUmt4RlIxRRAB,PLACE,Kuakata,388,395,exact,The Spectacle of Light The most defining beauty of Kuakata is its unique geographical position.,en,gazetteer,,kt
Ci9DQUlRQUNvZENodHljRjlvT21sNWFVVXdRbkJXVjFWTVdWWmhXVEkyUmt4RlIxRRAB,PLACE,Kuakata,1170,1177,exact,"Unlike roaring surf beaches, Kuakata invites you to walk.",en,gazetteer,,kt
Ci9DQUlRQUNvZENodHljRjlvT21sNWFVVXdRbkJXVjFWTVdWWmhXVEkyUmt4RlIxRRAB,PLACE,Kuakata,2157,2164,exact,> The Vibe: Kuakata is less about the noise of a tourist hub and more about the soul-soothing rhythm of the tides.,en,gazetteer,,kt
ChZDSUhNMG9nS0VJQ0FnSURmdFA2d1Z3EAE,PLACE,Fatrar Chor,367,378,exact,"Some key visiting places in Kuakata are Fatrar Chor, Chor Bijoy, the Buddhist temple, and the Kuakata beach itself.",en,gazetteer,,ftr cr
ChZDSUhNMG9nS0VJQ0FnSURmdFA2d1Z3EAE,PLACE,Chor Bijoy,380,390,exact,"Some key visiting places in Kuakata are Fatrar Chor, Chor Bijoy, the Buddhist temple, and the Kuakata beach itself.",en,gazetteer,,cr bj
ChZDSUhNMG9nS0VJQ0FnSURmdFA2d1Z3EAE,PLACE,Kuakata,0,7,exact,Kuakata Beach is an amazing and relaxing beach and one of the top tourist spots to visit in Bangladesh.,en,gazetteer,,kt
ChZDSUhNMG9nS0VJQ0FnSURmdFA2d1Z3EAE,PLACE,Kuakata,104,111,exact,Kuakata is also one of the few places from which you can see both the sunrise and the sunset.,en,gazetteer,,kt
ChZDSUhNMG9nS0VJQ0FnSURmdFA2d1Z3EAE,PLACE,Kuakata,355,362,exact,"Some key visiting places in Kuakata are Fatrar Chor, Chor Bijoy, the Buddhist temple, and the Kuakata beach itself.",en,gazetteer,,kt
ChZDSUhNMG9nS0VJQ0FnSURmdFA2d1Z3EAE,PLACE,Kuakata,421,428,exact,"Some key visiting places in Kuakata are Fatrar Chor, Chor Bijoy, the Buddhist temple, and the Kuakata beach itself.",en,gazetteer,,kt
ChZDSUhNMG9nS0VJQ0FnTURRMUx1ck9REAE,PLACE,Kuakata,0,7,exact,"Kuakata Beach, also known as the ""Daughter of the Sea,"" is an absolutely breathtaking destination!",en,gazetteer,,kt
ChZDSUhNMG9nS0VJQ0FnTURRMUx1ck9REAE,PLACE,Kuakata,625,632,exact,"Whether you're looking for tranquility, adventure, or stunning views, Kuakata Beach is a must-visit!",en,gazetteer,,kt
Ci9DQUlRQUNvZENodHljRjlvT21oUlFYTTFXbFp4ZDBkQ1ZHRndTMWRyYzBGTE4yYxAB,PLACE,Kuakata,0,7,exact,"Kuakata Sea Beach is a calm and beautiful place, especially known for its rare view of both sunrise and sunset over the sea.",en,gazetteer,,kt
Ci9DQUlRQUNvZENodHljRjlvT2t3eVdqRm5RVzB0YkRoQ1QxcHpTM0JpVjBONWFrRRAB,PLACE,Gangamati,684,693,exact,"Apart from the beach, Kuakata is home to natural forests, such as the Gangamati Reserved Forest and Jhau Tree Plantation, which are popular for hiking and wildlife viewing.",en,gazetteer,,gngmt
Ci9DQUlRQUNvZENodHljRjlvT2t3eVdqRm5RVzB0YkRoQ1QxcHpTM0JpVjBONWFrRRAB,PLACE,Kuakata,0,7,exact,"Kuakata is a picturesque coastal town located in the Kalapara Upazila of Patuakhali District, in southern Bangladesh.",en,gazetteer,,kt
Ci9DQUlRQUNvZENodHljRjlvT2t3eVdqRm5RVzB0YkRoQ1QxcHpTM0JpVjBONWFrRRAB,PLACE,Kuakata,178,185,exact,"Famously known as the “Daughter of the Sea” (Sagor Kannya), Kuakata is one of the few places in the world where visitors can enjoy both the sunrise and sunset over the sea from the same beach.",en,gazetteer,,kt
Ci9DQUlRQUNvZENodHljRjlvT2t3eVdqRm5RVzB0YkRoQ1QxcHpTM0JpVjBONWFrRRAB,PLACE,Kuakata,315,322,exact,"The Kuakata Sea Beach stretches approximately 18 kilometers in length and 3 kilometers in width, offering wide sandy shores lined with coconut trees and a peaceful atmosphere.",en,gazetteer,,kt
Ci9DQUlRQUNvZENodHljRjlvT2t3eVdqRm5RVzB0YkRoQ1QxcHpTM0JpVjBONWFrRRAB,PLACE,Kuakata,636,643,exact,"Apart from the beach, Kuakata is home to natural forests, such as the Gangamati Reserved Forest and Jhau Tree Plantation, which are popular for hiking and wildlife viewing.",en,gazetteer,,kt
Ci9DQUlRQUNvZENodHljRjlvT2t3eVdqRm5RVzB0YkRoQ1QxcHpTM0JpVjBONWFrRRAB,PLACE,Kuakata,798,805,exact,The nearby Kuakata Ecopark and Kuakata National Park are also important ecological attractions.,en,gazetteer,,kt
Ci9DQUlRQUNvZENodHljRjlvT2t3eVdqRm5RVzB0YkRoQ1QxcHpTM0JpVjBONWFrRRAB,PLACE,Kuakata,818,825,exact,The nearby Kuakata Ecopark and Kuakata National Park are also important ecological attractions.,en,gazetteer,,kt
Ci9DQUlRQUNvZENodHljRjlvT2t3eVdqRm5RVzB0YkRoQ1QxcHpTM0JpVjBONWFrRRAB,PLACE,Kuakata,883,890,exact,"Kuakata has a rich cultural heritage, particularly tied to the Rakhine Buddhist community, who settled here centuries ago.",en,gazetteer,,kt
Ci9DQUlRQUNvZENodHljRjlvT2t3eVdqRm5RVzB0YkRoQ1QxcHpTM0JpVjBONWFrRRAB,PLACE,Kuakata,1216,1223,exact,"The best time to visit Kuakata is during the cooler months from November to March, when the weather is pleasant and the beach is most enjoyable.",en,gazetteer,,kt
Ci9DQUlRQUNvZENodHljRjlvT2t3eVdqRm5RVzB0YkRoQ1QxcHpTM0JpVjBONWFrRRAB,PLACE,Kuakata,1472,1479,exact,Kuakata is accessible by road and river.,en,gazetteer,,kt
Ci9DQUlRQUNvZENodHljRjlvT2t3eVdqRm5RVzB0YkRoQ1QxcHpTM0JpVjBONWFrRRAB,PLACE,Kuakata,1680,1687,exact,"Efforts are ongoing to improve tourism facilities and preserve the natural environment, making Kuakata an increasingly popular destination for nature lovers and peace seekers.",en,gazetteer,,kt
Ci9DQUlRQUNvZENodHljRjlvT2t3eVdqRm5RVzB0YkRoQ1QxcHpTM0JpVjBONWFrRRAB,TIP,best time to visit Kuakata is during the cooler,1197,1244,exact,"The best time to visit Kuakata is during the cooler months from November to March, when the weather is pleasant and the beach is most enjoyable.",en,gazetteer,,bst tm t bst kt is drng t clr
Ci9DQUlRQUNvZENodHljRjlvT2psWVdrUmhORGd3VUhKWFoycHFSbUpKWmxZNGRsRRAB,PLACE,Kuakata,0,7,exact,"Kuakata Sea Beach is a scenic and long sandy beach in southern Bangladesh, known as the daughter of the sea for its unique ability to provide views of both sunrise and sunset over the Bay of Bengal.",en,gazetteer,,kt
ChdDSUhNMG9nS0VJQ0FnTUNRZ1pYWmtnRRAB,PLACE,Kuakata,24,31,exact,Wonderful experience at Kuakata Sea Beach,en,gazetteer,,kt
ChZDSUhNMG9nS0VJQ0FnTUN3OHJEaVl3EAE,PLACE,Kuakata,0,7,exact,Kuakata sea beach.,en,gazetteer,,kt
Ci9DQUlRQUNvZENodHljRjlvT2tKbk9VeDVZbFJEVEZSVGJqTlhOa0p3UzJ4elUwRRAB,PLACE,Rangamati,0,9,exact,"Rangamati is a breathtakingly beautiful district in the Chittagong Hill Tracts of southeastern Bangladesh, known for its stunning natural landscapes, diverse indigenous cultures, and peaceful lake views.",en,gazetteer,,rngmt
Ci9DQUlRQUNvZENodHljRjlvT2tKbk9VeDVZbFJEVEZSVGJqTlhOa0p3UzJ4elUwRRAB,PLACE,Rangamati,358,367,exact,"The journey to Rangamati itself is a visual treat, with winding roads through forested hills and valleys.",en,gazetteer,,rngmt
Ci9DQUlRQUNvZENodHljRjlvT2tKbk9VeDVZbFJEVEZSVGJqTlhOa0p3UzJ4elUwRRAB,PLACE,Rangamati,741,750,exact,Rangamati is also culturally rich.,en,gazetteer,,rngmt
Ci9DQUlRQUNvZENodHljRjlvT2tKbk9VeDVZbFJEVEZSVGJqTlhOa0p3UzJ4elUwRRAB,PLACE,Rangamati,1221,1230,exact,"For anyone looking to escape into nature and immerse themselves in diverse cultural traditions, Rangamati offers a soulful retreat unlike any other place in Bangladesh.",en,gazetteer,,rngmt
Ci9DQUlRQUNvZENodHljRjlvT2tKbk9VeDVZbFJEVEZSVGJqTlhOa0p3UzJ4elUwRRAB,PLACE,Kaptai,288,294,exact,"It is often referred to as the “Lake City” of Bangladesh, thanks to the spectacular Kaptai Lake, the largest man-made lake in the country.",en,gazetteer,,kpt
Ci9DQUlRQUNvZENodHljRjlvT2tKbk9VeDVZbFJEVEZSVGJqTlhOa0p3UzJ4elUwRRAB,PLACE,Kaptai,504,510,exact,"Once there, the highlight is definitely a boat ride on Kaptai Lake.",en,gazetteer,,kpt
ChdDSUhNMG9nS0VJQ0FnSUNmOF9pTDFnRRAB,PLACE,Rangamati,28,37,exact,"Kaptai Lake, located in the Rangamati district of Bangladesh, is the largest man-made lake in the country and a stunning tourist destination.",en,gazetteer,,rngmt
ChdDSUhNMG9nS0VJQ0FnSUNmOF9pTDFnRRAB,PLACE,Kaptai,0,6,exact,"Kaptai Lake, located in the Rangamati district of Bangladesh, is the largest man-made lake in the country and a stunning tourist destination.",en,gazetteer,,kpt
ChdDSUhNMG9nS0VJQ0FnSUNmOF9pTDFnRRAB,PLACE,Kaptai,178,184,exact,"Created in the 1960s as part of the Kaptai Dam hydroelectric project, the lake spans over 11,000 square kilometers and is surrounded by lush green hills and small islands.",en,gazetteer,,kpt
ChdDSUhNMG9nS0VJQ0FnSUNmOF9pTDFnRRAB,PLACE,Kaptai,687,693,exact,"Kaptai Lake is also a hub for recreational activities like fishing, kayaking, and swimming.",en,gazetteer,,kpt
ChdDSUhNMG9nS0VJQ0FnSUNmOF9pTDFnRRAB,PLACE,Kaptai,1078,1084,exact,"Overall, Kaptai Lake offers a serene escape from the hustle and bustle of city life, making it a must",en,gazetteer,,kpt
ChZDSUhNMG9nS0VJQ0FnSURvMjZQRElBEAE,PLACE,Kaptai,0,6,exact,"Kaptai Lake, One of the most beautiful and lucrative natural scenery, there are lots of lake in your country but kaptai lake is none of them, it has some interesting features like it's colorful water, design and it's scenery.",en,gazetteer,,kpt
ChZDSUhNMG9nS0VJQ0FnSURvMjZQRElBEAE,PLACE,kaptai,113,119,exact,"Kaptai Lake, One of the most beautiful and lucrative natural scenery, there are lots of lake in your country but kaptai lake is none of them, it has some interesting features like it's colorful water, design and it's scenery.",en,gazetteer,,kpt
Ci9DQUlRQUNvZENodHljRjlvT25FMmRrSTNVMFpXTkZvME4yZExiMHMzYm5jNWFWRRAB,PLACE,Kaptai,31,37,exact,"No word, all the places around Kaptai Lake is beautiful 😫🌊",en,gazetteer,,kpt
ChZDSUhNMG9nS0VJQ0FnSUNUb3ZlWlF3EAE,PLACE,Kaptai,17,23,exact,"Rented resort at Kaptai lake, rented boat and toured for whole day, went down to various hills, resort sometimes and took view of whole lake.",en,gazetteer,,kpt
ChdDSUhNMG9nS0VJQ0FnSURoNlluS3FnRRAB,PLACE,Kaptai,25,31,exact,nice place You can go to Kaptai to enjoy the beauty of the hill.,en,gazetteer,,kpt
Ci9DQUlRQUNvZENodHljRjlvT2tkWmNYVlJXRkF5YVVOdlNtaE5Oa1pyTlV0aE5sRRAB,PLACE,Paharpur,42,50,exact,"Sompur Mahavihara, popularly known as the Paharpur Buddhist Vihara, is a magnificent UNESCO World Heritage Site that brilliantly showcases ancient history and archaeology.",en,gazetteer,,phrpr
Ci9DQUlRQUNvZENodHljRjlvT2tkWmNYVlJXRkF5YVVOdlNtaE5Oa1pyTlV0aE5sRRAB,TIP,best time to visit this place,402,431,exact,Here is a detailed breakdown of the facilities and experience based on my visit: ​Best Time & Photography: Late afternoon is hands down the best time to visit this place.,en,gazetteer,,bst tm t bst ts plc
Ci9DQUlRQUNvZENodHljRjlvT21NeGJrRk1lVGRoU21KRFowWk1hMDQ1Tld0d2RXYxAB,PLACE,Paharpur,66,74,exact,"​""If you are traveling through northern Bangladesh, a stop at the Paharpur Buddhist Vihara is essential.",en,gazetteer,,phrpr
Ci9DQUlRQUNvZENodHljRjlvT21zeVFsVmxTMGhLWlVoNWVEUkZVekZCUzFSS1RYYxAB,PLACE,Paharpur,8,16,exact,Visited Paharpur Buddhist Vihara (Somapura Mahavihara) with family.,en,gazetteer,,phrpr
Ci9DQUlRQUNvZENodHljRjlvT21zeVFsVmxTMGhLWlVoNWVEUkZVekZCUzFSS1RYYxAB,PLACE,Paharpur,138,146,exact,"The Paharpur Buddhist Vihara, also known as Somapura Mahavihara, is one of the most significant archaeological sites in South Asia.",en,gazetteer,,phrpr
Ci9DQUlRQUNvZENodHljRjlvT2pGd1RqUm5RVlJrUTJ0U1oyWkdlamh0YkVaWlRIYxAB,PLACE,Paharpur,0,8,exact,"Paharpur Vihara, Naogaon, Bangladesh.",en,gazetteer,,phrpr
ChdDSUhNMG9nS0VJQ0FnSUNYMzY3R19BRRAB,PLACE,Kaptai,707,713,exact,Most beautiful natural Kaptai-lake in Chittagong 🏞️🍃,en,gazetteer,,kpt
ChdDSUhNMG9nS0VJQ0FnSUQtLUpPa2pnRRAB,PLACE,Rangamati,57,66,exact,Kaptai lake is the only artificial lake of Bangladesh in Rangamati district of Chittagang.,en,gazetteer,,rngmt
ChdDSUhNMG9nS0VJQ0FnSUQtLUpPa2pnRRAB,PLACE,Kaptai,0,6,exact,Kaptai lake is the only artificial lake of Bangladesh in Rangamati district of Chittagang.,en,gazetteer,,kpt
ChdDSUhNMG9nS0VJQ0FnSUQtLUpPa2pnRRAB,PLACE,kaptai,139,145,exact,"The lake was created as a result of building the kaptai dam on the Karnaphuli River, as part of the Karnaphuli Hydro-electric project in 1956.",en,gazetteer,,kpt
ChZDSUhNMG9nS0VJQ0FnSUNLdU5LbFZnEAE,PLACE,Rangamati,89,98,exact,"Located in the hill tract district, Rangamati, this lake presents some of the best views of nature that Rangamati has to offer.",en,gazetteer,,rngmt
ChZDSUhNMG9nS0VJQ0FnSUNLdU5LbFZnEAE,PLACE,Rangamati,157,166,exact,"Located in the hill tract district, Rangamati, this lake presents some of the best views of nature that Rangamati has to offer.",en,gazetteer,,rngmt
ChZDSUhNMG9nS0VJQ0FnSUNLdU5LbFZnEAE,PLACE,Kaptai,0,6,exact,"Kaptai Lake, though an artificial lake, is exquisite.",en,gazetteer,,kpt
ChZDSUhNMG9nS0VJQ0FnSUNLdU5LbFZnEAE,TIP,bargaining skills mostly,455,479,exact,Cost of the boat would depend on your bargaining skills mostly.,en,gazetteer,,brgng skls mstl
ChdDSUhNMG9nS0VJQ0FnSUNaOGJpd3dRRRAB,PLACE,rangamati,183,192,exact,"Kaptai Upazila is bounded by rangamati sadar and kawkhali upazilas on the north, Rajasthali Upazila on the south, belaichhari on the east, rangunia and Kawkhali Upazila on the west.",en,gazetteer,,rngmt
ChdDSUhNMG9nS0VJQ0FnSUNaOGJpd3dRRRAB,PLACE,Kaptai,0,6,exact,"Kaptai Water and Electricity Center, the only hydroelectric power plant in Bangladesh is situated in Kaptai, which is 50km from the port city Chittagong.",en,gazetteer,,kpt
ChdDSUhNMG9nS0VJQ0FnSUNaOGJpd3dRRRAB,PLACE,Kaptai,101,107,exact,"Kaptai Water and Electricity Center, the only hydroelectric power plant in Bangladesh is situated in Kaptai, which is 50km from the port city Chittagong.",en,gazetteer,,kpt
ChdDSUhNMG9nS0VJQ0FnSUNaOGJpd3dRRRAB,PLACE,Kaptai,154,160,exact,"Kaptai Upazila is bounded by rangamati sadar and kawkhali upazilas on the north, Rajasthali Upazila on the south, belaichhari on the east, rangunia and Kawkhali Upazila on the west.",en,gazetteer,,kpt
ChdDSUhNMG9nS0VJQ0FnSUNaOGJpd3dRRRAB,PLACE,Kaptai,361,367,exact,The main water bodies of Kaptai Sub District are Karnafuli River and the Kaptai Lake.,en,gazetteer,,kpt
ChdDSUhNMG9nS0VJQ0FnSUNaOGJpd3dRRRAB,PLACE,Kaptai,409,415,exact,The main water bodies of Kaptai Sub District are Karnafuli River and the Kaptai Lake.,en,gazetteer,,kpt
ChdDSUhNMG9nS0VJQ0FnSUNaOGJpd3dRRRAB,PLACE,Kaptai,555,561,exact,It is a brilliant spot for tourists; they will be able to witness the majestic Water and Electricity Center as well as the beautiful Kaptai Lake.,en,gazetteer,,kpt
ChdDSUhNMG9nS0VJQ0FnSUNaOGJpd3dRRRAB,PLACE,Kaptai,622,628,exact,There are trees all round the surrounding area of the Kaptai Hydro electric power plant; tourists can take a walk into the natural retreat that is stated in Kaptai and take pictures.,en,gazetteer,,kpt
ChdDSUhNMG9nS0VJQ0FnSUNaOGJpd3dRRRAB,PLACE,Kaptai,725,731,exact,There are trees all round the surrounding area of the Kaptai Hydro electric power plant; tourists can take a walk into the natural retreat that is stated in Kaptai and take pictures.,en,gazetteer,,kpt
ChdDSUhNMG9nS0VJQ0FnSUNaOGJpd3dRRRAB,PLACE,Kaptai,755,761,exact,The Kaptai Water and Electricity Center has an arc-shaped canal which holds the river Rinkhyong at the upstream and the fountain Freengkhyang at the downstream.,en,gazetteer,,kpt
ChdDSUhNMG9nS0VJQ0FnSUNaOGJpd3dRRRAB,PLACE,Kaptai,2074,2080,exact,Tourists can take an exciting boat ride in the Kaptai Lake and explore and witness the wonderful natural sceneries of the area surrounding the Lake.,en,gazetteer,,kpt
ChdDSUhNMG9nS0VJQ0FnSUNaOGJpd3dRRRAB,PLACE,Kaptai,2185,2191,exact,From the Kaptai Boat Terminal tourist can make a sweet journey of the Kaptai Lake.,en,gazetteer,,kpt
ChdDSUhNMG9nS0VJQ0FnSUNaOGJpd3dRRRAB,PLACE,Kaptai,2246,2252,exact,From the Kaptai Boat Terminal tourist can make a sweet journey of the Kaptai Lake.,en,gazetteer,,kpt
ChdDSUhNMG9nS0VJQ0FnSUNaOGJpd3dRRRAB,PLACE,Kaptai,2392,2398,exact,"The night view of the Kaptai Lake is mesmerizing, beautiful to watch the stars above the lake and also the view of the Lake from the restaurants is amazing.",en,gazetteer,,kpt
ChZDSUhNMG9nS0VJQ0FnSUNnb3BDblV3EAE,PLACE,kaptai,78,84,exact,You can hire a engine boat from kaptai boat station.,en,gazetteer,,kpt
ChZDSUhNMG9nS0VJQ0FnSUNnb3BDblV3EAE,PLACE,kaptai,182,188,exact,You can go to Bilaichari by taking boat from kaptai station.,en,gazetteer,,kpt
ChZDSUhNMG9nS0VJQ0FnSUNnb3BDblV3EAE,ACCESS,engine boat from kaptai boat station,61,97,exact,You can hire a engine boat from kaptai boat station.,en,gazetteer,,engn bt frm kpt bt stn
ChZDSUhNMG9nS0VJQ0FnSUNnb3BDblV3EAE,ACCESS,boat from kaptai station,172,196,exact,You can go to Bilaichari by taking boat from kaptai station.,en,gazetteer,,bt frm kpt stn
Ci9DQUlRQUNvZENodHljRjlvT2pGellWUkhWblZaTW5oa05YRlZXVjluY0hkb1YzYxAB,PLACE,Paharpur,0,8,exact,"Paharpur mahavihar is an almost 2000 years old Buddhist ancient temple where thousands pf monks used to mediated and lived here, its lovated at joypurhat sadar, northern part of Bangladesh.",en,gazetteer,,phrpr
Ci9DQUlRQUNvZENodHljRjlvT2xKVFpXZHhWM0JmTVRkTk9VRnhUMmRvTUhoQlNrRRAB,PLACE,Paharpur,35,43,exact,"Somapura Mahavihara, also known as Paharpur Buddhist Vihara, is a major Buddhist monastery in Paharpur, Badalgachhi, Naogaon, Bangladesh.",en,gazetteer,,phrpr
Ci9DQUlRQUNvZENodHljRjlvT2xKVFpXZHhWM0JmTVRkTk9VRnhUMmRvTUhoQlNrRRAB,PLACE,Paharpur,94,102,exact,"Somapura Mahavihara, also known as Paharpur Buddhist Vihara, is a major Buddhist monastery in Paharpur, Badalgachhi, Naogaon, Bangladesh.",en,gazetteer,,phrpr
Ci9DQUlRQUNvZENodHljRjlvT25wWGQxaHBkWFp4ZHpOWFUyaFBZM1EyTFdwd1dIYxAB,PLACE,Paharpur,0,8,exact,Paharpur Buddhist Vihara is one of the most important archaeological sites in Bangladesh.,en,gazetteer,,phrpr
Ci9DQUlRQUNvZENodHljRjlvT25wWGQxaHBkWFp4ZHpOWFUyaFBZM1EyTFdwd1dIYxAB,PLACE,Paharpur,478,486,exact,Paharpur Buddhist Vihara was declared a UNESCO World Heritage Site in 1985,en,gazetteer,,phrpr
Ci9DQUlRQUNvZENodHljRjlvT2psTlpsaGZURjlhY0ZKME5VOTVRUzB3UjNsalJIYxAB,PLACE,Paharpur,0,8,exact,"Paharpur UNESCO World Heritage Site or Somapuri Mahavihara at Paharpur is the highest Buddhist Stupa in the south of the Himalayas, dating back to the 8th century A.",en,gazetteer,,phrpr
Ci9DQUlRQUNvZENodHljRjlvT2psTlpsaGZURjlhY0ZKME5VOTVRUzB3UjNsalJIYxAB,PLACE,Paharpur,62,70,exact,"Paharpur UNESCO World Heritage Site or Somapuri Mahavihara at Paharpur is the highest Buddhist Stupa in the south of the Himalayas, dating back to the 8th century A.",en,gazetteer,,phrpr
Ci9DQUlRQUNvZENodHljRjlvT2psTlpsaGZURjlhY0ZKME5VOTVRUzB3UjNsalJIYxAB,PLACE,Paharpur,168,176,exact,Paharpur is one of the most important and impressive historical sites in Bangladesh.,en,gazetteer,,phrpr
Ci9DQUlRQUNvZENodHljRjlvT2psTlpsaGZURjlhY0ZKME5VOTVRUzB3UjNsalJIYxAB,PLACE,Paharpur,529,537,exact,Paharpur heritage village is located near Jaipurhat in the Naogaon district.,en,gazetteer,,phrpr
Ci9DQUlRQUNvZENodHljRjlvT201RE5tNUNiekZXUjBvNVUxOUNhbkZsWkRSRlRsRRAB,PLACE,Guliakhali,0,10,exact,Guliakhali Sea Beach has a nice view.,en,gazetteer,,glkl
Ci9DQUlRQUNvZENodHljRjlvT2xoUWNERTFWR1pRUWpaWFh6ZHVNMUYyTXpGSFRtYxAB,PLACE,Guliakhali,2,12,exact,⛱️Guliakhali Sea Beach is one of the most beautiful natural attractions in Sitakunda.,en,gazetteer,,glkl
Ci9DQUlRQUNvZENodHljRjlvT2xoUWNERTFWR1pRUWpaWFh6ZHVNMUYyTXpGSFRtYxAB,PLACE,Guliakhali,413,423,exact,"Unlike crowded tourist spots, Guliakhali offers a quiet and refreshing atmosphere where visitors can enjoy the beauty of nature, take memorable photographs, and spend quality time with friends and family.",en,gazetteer,,glkl
Ci9DQUlRQUNvZENodHljRjlvT2xoUWNERTFWR1pRUWpaWFh6ZHVNMUYyTXpGSFRtYxAB,PLACE,Guliakhali,727,737,exact,"Overall, Guliakhali Sea Beach is a hidden gem in Sitakunda that provides a truly enjoyable and scenic experience for anyone who loves natural beauty and tranquility.",en,gazetteer,,glkl
Ci9DQUlRQUNvZENodHljRjlvT2xoUWNERTFWR1pRUWpaWFh6ZHVNMUYyTXpGSFRtYxAB,PLACE,Sitakunda,75,84,exact,⛱️Guliakhali Sea Beach is one of the most beautiful natural attractions in Sitakunda.,en,gazetteer,,stknd
Ci9DQUlRQUNvZENodHljRjlvT2xoUWNERTFWR1pRUWpaWFh6ZHVNMUYyTXpGSFRtYxAB,PLACE,Sitakunda,767,776,exact,"Overall, Guliakhali Sea Beach is a hidden gem in Sitakunda that provides a truly enjoyable and scenic experience for anyone who loves natural beauty and tranquility.",en,gazetteer,,stknd
Ci9DQUlRQUNvZENodHljRjlvT2t4SE5taFBOMjVFZFdNMWJGOTFPQzFTZFd0d1EwRRAB,PLACE,Guliakhali,89,99,exact,"Unlike typical sandy beaches, Guliakhali is known for its wide stretch of green grass and mangrove-like landscape, creating a calm and refreshing natural environment.",en,gazetteer,,glkl
Ci9DQUlRQUNvZENodHljRjlvT2xoaFdVaEtOR2xaWkRSVFJFdGFVRXhqV2kxSU0yYxAB,PLACE,muradpur,78,86,exact,Near to muradpur village.,en,gazetteer,,mrdpr
Ci9DQUlRQUNvZENodHljRjlvT25kclNGOHhlSFZCUTNZd1NUSk5MVkkwYWtKWlNGRRAB,PLACE,Guliakhali,9,19,exact,"To reach Guliakhali Sea Beach, get off at Sitakunda Bazar.",en,gazetteer,,glkl
Ci9DQUlRQUNvZENodHljRjlvT25kclNGOHhlSFZCUTNZd1NUSk5MVkkwYWtKWlNGRRAB,PLACE,Sundarbans,1088,1098,exact,"The area offers beautiful scenery with mangrove-like trees and a peaceful atmosphere, giving a feeling similar to the Sundarbans.",en,gazetteer,,sndrbns
Ci9DQUlRQUNvZENodHljRjlvT25kclNGOHhlSFZCUTNZd1NUSk5MVkkwYWtKWlNGRRAB,PLACE,Sitakunda,42,51,exact,"To reach Guliakhali Sea Beach, get off at Sitakunda Bazar.",en,gazetteer,,stknd
Ci9DQUlRQUNvZENodHljRjlvT25kclNGOHhlSFZCUTNZd1NUSk5MVkkwYWtKWlNGRRAB,PLACE,Fokirhat,176,184,exact,You can also get off at Fokirhat Bazar and take a CNG or auto from there.,en,gazetteer,,fkrht
Ci9DQUlRQUNvZENodHljRjlvT25kclNGOHhlSFZCUTNZd1NUSk5MVkkwYWtKWlNGRRAB,ACCESS,get off at Sitakunda Bazar,31,57,exact,"To reach Guliakhali Sea Beach, get off at Sitakunda Bazar.",en,gazetteer,,gt of at stknd bjr
Ci9DQUlRQUNvZENodHljRjlvT25kclNGOHhlSFZCUTNZd1NUSk5MVkkwYWtKWlNGRRAB,ACCESS,get off at Fokirhat Bazar and take a CNG,165,205,exact,You can also get off at Fokirhat Bazar and take a CNG or auto from there.,en,gazetteer,,gt of at fkrht bjr and tk a cng
Ci9DQUlRQUNvZENodHljRjlvT25kclNGOHhlSFZCUTNZd1NUSk5MVkkwYWtKWlNGRRAB,ACCESS,take a CNG or auto from there,195,224,exact,You can also get off at Fokirhat Bazar and take a CNG or auto from there.,en,gazetteer,,tk a cng or at frm tr
Ci9DQUlRQUNvZENodHljRjlvT25kclNGOHhlSFZCUTNZd1NUSk5MVkkwYWtKWlNGRRAB,ACCESS,take a boat,625,636,exact,Visitors can either walk or take a boat.,en,gazetteer,,tk a bt
Ci9DQUlRQUNvZENodHljRjlvT2pSa2FWY3pRVEJtWDNFMFR6RjVjRGQxY0ZOeFkzYxAB,PLACE,Guliakhali,19,29,exact,"I recently visited Guliakhali Sea Beach, and it was one of the most peaceful places I have ever experienced.",en,gazetteer,,glkl
Ci9DQUlRQUNvZENodHljRjlvT2pSa2FWY3pRVEJtWDNFMFR6RjVjRGQxY0ZOeFkzYxAB,PLACE,Guliakhali,590,600,exact,"Visiting Guliakhali Sea Beach felt like spending time in nature’s quiet paradise, and it left me with a refreshing and memorable experience.",en,gazetteer,,glkl
Ci9DQUlRQUNvZENodHljRjlvT2tOV1dpMVFWRVUxVERsSVMxbHNhamRXWVdkNWRIYxAB,PLACE,Guliyakhali,0,11,exact,Guliyakhali Sea Beach is a very unique beach.,en,gazetteer,,glkl
Ci9DQUlRQUNvZENodHljRjlvT2tOV1dpMVFWRVUxVERsSVMxbHNhamRXWVdkNWRIYxAB,PLACE,Guliyakhali,390,401,exact,There are some beautiful bushes of Sundari trees on Guliyakhali beach.,en,gazetteer,,glkl
Ci9DQUlRQUNvZENodHljRjlvT2tOV1dpMVFWRVUxVERsSVMxbHNhamRXWVdkNWRIYxAB,ACCESS,take a boat to reach the main beach,516,551,exact,"During the rainy season, you have to take a boat to reach the main beach, but in the winter, you can walk to the beach.",en,gazetteer,,tk a bt t rc t mn bc
Ci9DQUlRQUNvZENodHljRjlvT25vM2IwbGpiVlJJYlc0MGVuYzVYemRSVW5CUVYzYxAB,PLACE,Guliakhali,0,10,exact,"Guliakhali Sea Beach is a beautiful and unique coastal spot located in Sitakunda, Chattogram, Bangladesh.",en,gazetteer,,glkl
Ci9DQUlRQUNvZENodHljRjlvT25vM2IwbGpiVlJJYlc0MGVuYzVYemRSVW5CUVYzYxAB,PLACE,Sitakunda,71,80,exact,"Guliakhali Sea Beach is a beautiful and unique coastal spot located in Sitakunda, Chattogram, Bangladesh.",en,gazetteer,,stknd
Ci9DQUlRQUNvZENodHljRjlvT2t3d04xZFZUREpIVkU1UlNYcHVXbGMwZUdjM1ozYxAB,PLACE,Guliakhali,0,10,exact,"Guliakhali sea beach has beautiful grassy terrain unlike the beaches in Bangladesh, it is a spread out shoreline with natural mangrove forest.",en,gazetteer,,glkl
Ci9DQUlRQUNvZENodHljRjlvT25FMlQyVnNVMmRmZURWclRqSjNOR3R1TldsdVJWRRAB,PLACE,Cox's Bazar,320,331,exact,"Unlike the crashing waves of Cox's Bazar, the environment here feels more like a serene mangrove swamp, characterized by scattered Keora trees and meandering winding canals that fill up with water during high tide, creating a surreal landscape that looks almost like a painting.",en,gazetteer,,cks bjr
Ci9DQUlRQUNvZENodHljRjlvT25FMlQyVnNVMmRmZURWclRqSjNOR3R1TldsdVJWRRAB,PLACE,Guliakhali,0,10,exact,"Guliakhali Sea Beach, located in Sitakunda, is undeniably one of the most unique and photogenic natural spots in Bangladesh because it defies the traditional definition of a beach by swapping golden sand for a stunning carpet of lush green grass that stretches right up to the water's edge.",en,gazetteer,,glkl
Ci9DQUlRQUNvZENodHljRjlvT25FMlQyVnNVMmRmZURWclRqSjNOR3R1TldsdVJWRRAB,PLACE,Guliakhali,1835,1845,exact,"Despite the lack of commercial facilities and the muddy feet you will inevitably go home with, the raw, untouched beauty of Guliakhali offers a refreshing and distinctively calm atmosphere that makes the journey absolutely worth it for anyone exploring the Chittagong region.",en,gazetteer,,glkl
Ci9DQUlRQUNvZENodHljRjlvT25FMlQyVnNVMmRmZURWclRqSjNOR3R1TldsdVJWRRAB,PLACE,Sitakunda,33,42,exact,"Guliakhali Sea Beach, located in Sitakunda, is undeniably one of the most unique and photogenic natural spots in Bangladesh because it defies the traditional definition of a beach by swapping golden sand for a stunning carpet of lush green grass that stretches right up to the water's edge.",en,gazetteer,,stknd
Ci9DQUlRQUNvZENodHljRjlvT25FMlQyVnNVMmRmZURWclRqSjNOR3R1TldsdVJWRRAB,PLACE,Sitakunda,1502,1511,exact,"The road leading to the beach from the Sitakunda market is narrow and can get congested, and amenities like decent washrooms or high-quality restaurants are virtually non-existent near the shore, so carrying your own water and snacks is essential.",en,gazetteer,,stknd
Ci9DQUlRQUNvZENodHljRjlvT25FMlQyVnNVMmRmZURWclRqSjNOR3R1TldsdVJWRRAB,PLACE,Muradpur,576,584,exact,"This ""Muradpur Beach,"" as it is locally known, is a paradise for photographers and nature enthusiasts who want to witness the dramatic contrast between the vibrant green ground, the dark muddy banks, and the vast open sea, especially during sunset when the light hits the water perfectly.",en,gazetteer,,mrdpr
Ci9DQUlRQUNvZENodHljRjlvT2psMVV6Qm9NVWRQTTNkMVZWVnJTblJvWmt0T2RIYxAB,PLACE,Guliakhali,8,18,exact,Visited Guliakhali at 21st of december….,en,gazetteer,,glkl
ChdDSUhNMG9nS0VJQ0FnTURJbXZEeS1nRRAB,PLACE,Guliakhali,8,18,exact,"Visited Guliakhali Sea Beach recently, and honestly, it felt like stepping into a painting.",en,gazetteer,,glkl
ChdDSUhNMG9nS0VNSFNsTDdRNTlHVzRnRRAB,PLACE,Chandranath,1486,1497,exact,"• Combine with visits to Sitakunda Eco Park, Chandranath Temple, or local waterfalls.",en,gazetteer,,cndrnt
ChdDSUhNMG9nS0VNSFNsTDdRNTlHVzRnRRAB,PLACE,Guliakhali,0,10,exact,"Guliakhali Sea Beach (aka Muradpur Beach) is a strikingly different shoreline just 5 km from Sitakunda bazaar, Chittagong Division ￼.",en,gazetteer,,glkl
ChdDSUhNMG9nS0VNSFNsTDdRNTlHVzRnRRAB,PLACE,Guliakhali,1600,1610,exact,"⸻ Overall If you’re after a one-of-a-kind, low-key escape in Bangladesh, Guliakhali delivers—mystical, green, quiet, and perfect for those who love offbeat natural beauty.",en,gazetteer,,glkl
ChdDSUhNMG9nS0VNSFNsTDdRNTlHVzRnRRAB,PLACE,Sitakunda,93,102,exact,"Guliakhali Sea Beach (aka Muradpur Beach) is a strikingly different shoreline just 5 km from Sitakunda bazaar, Chittagong Division ￼.",en,gazetteer,,stknd
ChdDSUhNMG9nS0VNSFNsTDdRNTlHVzRnRRAB,PLACE,Sitakunda,971,980,exact,"🚗 Getting There: • From Sitakunda, hop on a CNG auto (around 30 BDT per person or 150–200 BDT for round-trip reserved service) ￼.",en,gazetteer,,stknd
ChdDSUhNMG9nS0VNSFNsTDdRNTlHVzRnRRAB,PLACE,Sitakunda,1079,1088,exact,"• Sitakunda is accessible by bus from Dhaka or Chittagong, or by train to nearby Feni then local bus/auto ￼.",en,gazetteer,,stknd
ChdDSUhNMG9nS0VNSFNsTDdRNTlHVzRnRRAB,PLACE,Sitakunda,1466,1475,exact,"• Combine with visits to Sitakunda Eco Park, Chandranath Temple, or local waterfalls.",en,gazetteer,,stknd
ChdDSUhNMG9nS0VNSFNsTDdRNTlHVzRnRRAB,PLACE,Muradpur,26,34,exact,"Guliakhali Sea Beach (aka Muradpur Beach) is a strikingly different shoreline just 5 km from Sitakunda bazaar, Chittagong Division ￼.",en,gazetteer,,mrdpr
ChdDSUhNMG9nS0VNSFNsTDdRNTlHVzRnRRAB,ACCESS,bus from Dhaka or Chittagong,1106,1134,exact,"• Sitakunda is accessible by bus from Dhaka or Chittagong, or by train to nearby Feni then local bus/auto ￼.",en,gazetteer,,bs frm dk or ctgng
ChdDSUhNMG9nS0VJV0xuY2JnNExfMTFnRRAB,PLACE,Guliakhali,38,48,exact,Guliakhali Sea Beach in Sitakunda is unlike any other beach I've visited in Bangladesh.,en,gazetteer,,glkl
ChdDSUhNMG9nS0VJV0xuY2JnNExfMTFnRRAB,PLACE,Sitakunda,62,71,exact,Guliakhali Sea Beach in Sitakunda is unlike any other beach I've visited in Bangladesh.,en,gazetteer,,stknd
Ci9DQUlRQUNvZENodHljRjlvT2psdU5WQnNaMVIwZDJSTVNuWm9SR05ZVlU1eE5YYxAB,PLACE,Guliakhali,0,10,exact,"Guliakhali Sea Beach: A Hidden Gem of Bangladesh Location: Guliakhali Sea Beach, also known as Muradpur Beach, is located in Sitakunda Upazila of Chittagong Division.",en,gazetteer,,glkl
Ci9DQUlRQUNvZENodHljRjlvT2psdU5WQnNaMVIwZDJSTVNuWm9SR05ZVlU1eE5YYxAB,PLACE,Guliakhali,59,69,exact,"Guliakhali Sea Beach: A Hidden Gem of Bangladesh Location: Guliakhali Sea Beach, also known as Muradpur Beach, is located in Sitakunda Upazila of Chittagong Division.",en,gazetteer,,glkl
Ci9DQUlRQUNvZENodHljRjlvT2psdU5WQnNaMVIwZDJSTVNuWm9SR05ZVlU1eE5YYxAB,PLACE,Guliakhali,296,306,exact,"Natural Beauty: What makes Guliakhali unique is its rare combination of lush green meadows stretching into the sea, intertwined with small canals and mangrove trees.",en,gazetteer,,glkl
Ci9DQUlRQUNvZENodHljRjlvT2psdU5WQnNaMVIwZDJSTVNuWm9SR05ZVlU1eE5YYxAB,PLACE,Guliakhali,1275,1285,exact,"Verdict: Guliakhali Sea Beach is a peaceful, scenic, and lesser-known destination that offers a refreshing break from the hustle and bustle.",en,gazetteer,,glkl
Ci9DQUlRQUNvZENodHljRjlvT2psdU5WQnNaMVIwZDJSTVNuWm9SR05ZVlU1eE5YYxAB,PLACE,Sitakunda,125,134,exact,"Guliakhali Sea Beach: A Hidden Gem of Bangladesh Location: Guliakhali Sea Beach, also known as Muradpur Beach, is located in Sitakunda Upazila of Chittagong Division.",en,gazetteer,,stknd
Ci9DQUlRQUNvZENodHljRjlvT2psdU5WQnNaMVIwZDJSTVNuWm9SR05ZVlU1eE5YYxAB,PLACE,Muradpur,95,103,exact,"Guliakhali Sea Beach: A Hidden Gem of Bangladesh Location: Guliakhali Sea Beach, also known as Muradpur Beach, is located in Sitakunda Upazila of Chittagong Division.",en,gazetteer,,mrdpr
Ci9DQUlRQUNvZENodHljRjlvT2psdU5WQnNaMVIwZDJSTVNuWm9SR05ZVlU1eE5YYxAB,TIP,Best Time to Visit,882,900,exact,"Best Time to Visit: Early morning or evening for sunrise/sunset views October to March for cooler, dry weather Things to Keep in Mind: There are limited food or accommodation facilities nearby, so it’s best to plan a day trip.",en,gazetteer,,bst tm t bst
Ci9DQUlRQUNvZENodHljRjlvT2psdU5WQnNaMVIwZDJSTVNuWm9SR05ZVlU1eE5YYxAB,TIP,Carry water,1109,1120,exact,"Carry water, snacks, and essentials.",en,gazetteer,,cr btr
Ci9DQUlRQUNvZENodHljRjlvT25kQmJtNXJTVlJ1TVRoZlFsQjVSa3RLY0VwRE9IYxAB,PLACE,Guliakhali,0,10,exact,Guliakhali Sea Beach is one of the most unique and beautiful beaches in Bangladesh.,en,gazetteer,,glkl
Ci9DQUlRQUNvZENodHljRjlvT25adE5uRjBZVFl6TkRsRGRGOXNlbTV1UldOcGVWRRAB,PLACE,Karamjal,70,78,exact,"If you want a taste of the Sundarbans without a multi-day commitment, Karamjal Tourist Centre is the perfect gateway.",en,gazetteer,,krmjl
Ci9DQUlRQUNvZENodHljRjlvT25adE5uRjBZVFl6TkRsRGRGOXNlbTV1UldOcGVWRRAB,PLACE,Karamjal,1320,1328,exact,"Whether you're a nature enthusiast or just looking for a unique day trip, Karamjal is a 100% recommended stop.",en,gazetteer,,krmjl
Ci9DQUlRQUNvZENodHljRjlvT25adE5uRjBZVFl6TkRsRGRGOXNlbTV1UldOcGVWRRAB,PLACE,Mongla,151,157,exact,"I visited as part of a trip from Mongla, and it serves as a fantastic, practical introduction to the mangroves.",en,gazetteer,,mngl
Ci9DQUlRQUNvZENodHljRjlvT25adE5uRjBZVFl6TkRsRGRGOXNlbTV1UldOcGVWRRAB,PLACE,Mongla,305,311,exact,The journey itself is part of the adventure—taking an engine boat from the Mongla Ferry Ghat through the Pashur River to reach the center.,en,gazetteer,,mngl
Ci9DQUlRQUNvZENodHljRjlvT25adE5uRjBZVFl6TkRsRGRGOXNlbTV1UldOcGVWRRAB,PLACE,Pashur,335,341,exact,The journey itself is part of the adventure—taking an engine boat from the Mongla Ferry Ghat through the Pashur River to reach the center.,en,gazetteer,,psr
Ci9DQUlRQUNvZENodHljRjlvT25adE5uRjBZVFl6TkRsRGRGOXNlbTV1UldOcGVWRRAB,ACCESS,engine boat from the Mongla Ferry Ghat through,284,330,exact,The journey itself is part of the adventure—taking an engine boat from the Mongla Ferry Ghat through the Pashur River to reach the center.,en,gazetteer,,engn bt frm t mngl fr gt trg
Ci9DQUlRQUNvZENodHljRjlvT25SYVNWaHNUaTF6ZG5GU05sWnhkV2xHZDNobGRtYxAB,PLACE,Mongla,43,49,exact,Kararjal - the closest forest station near Mongla.,en,gazetteer,,mngl
Ci9DQUlRQUNvZENodHljRjlvT25SYVNWaHNUaTF6ZG5GU05sWnhkV2xHZDNobGRtYxAB,PLACE,Mongla,143,149,exact,Boats available at ferry ghat at Mongla.,en,gazetteer,,mngl
Ci9DQUlRQUNvZENodHljRjlvT2xGblRERlpaRWx6TTFOMVRGUkhVekptWmpaT1dIYxAB,PLACE,Karamjal,0,8,exact,"Karamjal is widely regarded as the most accessible gateway to the Sundarbans, making it a popular choice for families and day-trippers.",en,gazetteer,,krmjl
Ci9DQUlRQUNvZENodHljRjlvT2xGblRERlpaRWx6TTFOMVRGUkhVekptWmpaT1dIYxAB,PLACE,Mongla,182,188,exact,"Located on the banks of the Pashur River near Mongla Port, this eco-tourism spot provides a manageable introduction to the world's largest mangrove forest without the need for deep-forest trekking.",en,gazetteer,,mngl
Ci9DQUlRQUNvZENodHljRjlvT2xGblRERlpaRWx6TTFOMVRGUkhVekptWmpaT1dIYxAB,PLACE,Pashur,164,170,exact,"Located on the banks of the Pashur River near Mongla Port, this eco-tourism spot provides a manageable introduction to the world's largest mangrove forest without the need for deep-forest trekking.",en,gazetteer,,psr
Ci9DQUlRQUNvZENodHljRjlvT2kxQk9GZDNaMWhsYTBkelFVWklNbk5QVWs1TU1GRRAB,PLACE,Karamjal,0,8,exact,"Karamjal is a popular eco-tourism spot of the Sundarbans, located near Khulna.",en,gazetteer,,krmjl
Ci9DQUlRQUNvZENodHljRjlvT2kxQk9GZDNaMWhsYTBkelFVWklNbk5QVWs1TU1GRRAB,PLACE,Karamjal,361,369,exact,"Wooden walkways, watchtowers, and riverbank views make Karamjal both an educational and scenic destination.",en,gazetteer,,krmjl
Ci9DQUlRQUNvZENodHljRjlvT25SWmJXZzBXbmhPTUcwd1dWbHJZa1p5YWw5eU1IYxAB,PLACE,Karamjal,17,25,exact,Spending time at Karamjal in the Sundarbans was truly wonderful.,en,gazetteer,,krmjl
Ci9DQUlRQUNvZENodHljRjlvT2tSUE0yUTNWVkpRUm05a2FWRnNjM0poWTNOUWFWRRAB,PLACE,Karamjal,0,8,exact,Karamjal is one of the most popular tourist spots in the Sundarbans.,en,gazetteer,,krmjl
Ci9DQUlRQUNvZENodHljRjlvT2tSUE0yUTNWVkpRUm05a2FWRnNjM0poWTNOUWFWRRAB,PLACE,Karamjal,144,152,exact,Visiting the Karamjal Wildlife Breeding Center and exploring the area is truly an amazing experience.,en,gazetteer,,krmjl
Ci9DQUlRQUNvZENodHljRjlvT2tvMmN6Wm9ZMVJpTmxwTVdqVk1jV1pXTkZGRlNrRRAB,PLACE,Karamjal,8,16,exact,I think Karamjal is a first point of Sundarban exploring.,en,gazetteer,,krmjl
Ci9DQUlRQUNvZENodHljRjlvT2xseFZsb3dhM1puYmpCS1UyeHBWbU51VERaR01IYxAB,PLACE,Karamjal,63,71,exact,"Not a whole but a glimpse of Sundarban can be experienced from Karamjal and those who are fond of nature, this is one of the place to see how beautiful Bangladesh is!",en,gazetteer,,krmjl
Ci9DQUlRQUNvZENodHljRjlvT25oTGFTMXFNVGQwVGtGTk9XaDBWV0ZTYjFsRmRWRRAB,PLACE,Mongla,20,26,exact,"Growing up near the Mongla port, I've been lucky enough to visit the Sundarbans about 10 or 12 times.",en,gazetteer,,mngl
ChZDSUhNMG9nS0VJQ0FnSUNfd01QVmZnEAE,PLACE,Karamjal,0,8,exact,Karamjal Eco-Tourism Center is an awesome part of Sundarbans.,en,gazetteer,,krmjl
ChZDSUhNMG9nS0VJQ0FnSUNfd01QVmZnEAE,PLACE,Karamjal,62,70,exact,"Karamjal, an attractive tourist destination of the forest department, is located in the Sundarbans on a 30 hectare land on the banks of the Pashur River, a short distance from the Mongla seaport.",en,gazetteer,,krmjl
ChZDSUhNMG9nS0VJQ0FnSUNfd01QVmZnEAE,PLACE,Karamjal,258,266,exact,Karamjal has been developed by the Forest Department as a model for the Sundarbans.,en,gazetteer,,krmjl
ChZDSUhNMG9nS0VJQ0FnSUNfd01QVmZnEAE,PLACE,Karamjal,384,392,exact,Karamjal is the perfect place to visit the Sundarbans in one day and get an idea of ​​the Sundarbans.,en,gazetteer,,krmjl
ChZDSUhNMG9nS0VJQ0FnSUNfd01QVmZnEAE,PLACE,Karamjal,941,949,exact,"If you take an engine boat from Mongla, you can reach Karamjal jetty in one to one and a half hours.",en,gazetteer,,krmjl
ChZDSUhNMG9nS0VJQ0FnSUNfd01QVmZnEAE,PLACE,Mongla,242,248,exact,"Karamjal, an attractive tourist destination of the forest department, is located in the Sundarbans on a 30 hectare land on the banks of the Pashur River, a short distance from the Mongla seaport.",en,gazetteer,,mngl
ChZDSUhNMG9nS0VJQ0FnSUNfd01QVmZnEAE,PLACE,Mongla,769,775,exact,The tourist center is located at a distance of about 80 km from Khulna and about 8 km from Mongla by the river.,en,gazetteer,,mngl
ChZDSUhNMG9nS0VJQ0FnSUNfd01QVmZnEAE,PLACE,Mongla,919,925,exact,"If you take an engine boat from Mongla, you can reach Karamjal jetty in one to one and a half hours.",en,gazetteer,,mngl
ChZDSUhNMG9nS0VJQ0FnSUNfd01QVmZnEAE,PLACE,Pashur,202,208,exact,"Karamjal, an attractive tourist destination of the forest department, is located in the Sundarbans on a 30 hectare land on the banks of the Pashur River, a short distance from the Mongla seaport.",en,gazetteer,,psr
ChZDSUhNMG9nS0VJQ0FnSUNfd01QVmZnEAE,ACCESS,engine boat from Mongla,902,925,exact,"If you take an engine boat from Mongla, you can reach Karamjal jetty in one to one and a half hours.",en,gazetteer,,engn bt frm mngl
Ci9DQUlRQUNvZENodHljRjlvT21wMVkzSnViR0pLYTFwUVEzbE1lSGxrUzFKVVltYxAB,PLACE,Karamjal,1,9,exact,​Karamjal is the most accessible and popular eco-tourism center within the Sundarbans East Wildlife Sanctuary.,en,gazetteer,,krmjl
Ci9DQUlRQUNvZENodHljRjlvT21wMVkzSnViR0pLYTFwUVEzbE1lSGxrUzFKVVltYxAB,PLACE,Karamjal,459,467,exact,​The highlight of Karamjal is its extensive wooden trail (canopy walk) that snakes through the dense mangrove thicket.,en,gazetteer,,krmjl
Ci9DQUlRQUNvZENodHljRjlvT21wMVkzSnViR0pLYTFwUVEzbE1lSGxrUzFKVVltYxAB,PLACE,Karamjal,935,943,exact,​Karamjal also houses the country's only Saltwater Crocodile Breeding Center and a Turtle Breeding Center.,en,gazetteer,,krmjl
Ci9DQUlRQUNvZENodHljRjlvT21wMVkzSnViR0pLYTFwUVEzbE1lSGxrUzFKVVltYxAB,PLACE,Karamjal,1361,1369,exact,"For those visiting the Khulna region, Karamjal offers a vital balance of education, conservation, and the raw, natural beauty of the mangroves.",en,gazetteer,,krmjl
Ci9DQUlRQUNvZENodHljRjlvT21wMVkzSnViR0pLYTFwUVEzbE1lSGxrUzFKVVltYxAB,PLACE,Mongla,181,187,exact,"Located on the banks of the Pashur River, just a short boat ride from Mongla, it serves as an essential introduction to the world's largest mangrove forest.",en,gazetteer,,mngl
Ci9DQUlRQUNvZENodHljRjlvT21wMVkzSnViR0pLYTFwUVEzbE1lSGxrUzFKVVltYxAB,PLACE,Pashur,139,145,exact,"Located on the banks of the Pashur River, just a short boat ride from Mongla, it serves as an essential introduction to the world's largest mangrove forest.",en,gazetteer,,psr
Ci9DQUlRQUNvZENodHljRjlvT21wMVkzSnViR0pLYTFwUVEzbE1lSGxrUzFKVVltYxAB,PLACE,Pashur,1277,1283,exact,A climb up the forest's observation tower offers a breathtaking panoramic view of the winding Pashur River and the endless canopy of green.,en,gazetteer,,psr
Ci9DQUlRQUNvZENodHljRjlvT25abFprWldTemhJWkdkcmRYZGFOWGR3Tm05NVduYxAB,PLACE,Karamjal,618,626,exact,"When visiting Karamjal, try to meet the Officer/Supervisor in Charge and listen to his 100 encounters with Tigers.",en,gazetteer,,krmjl
Ci9DQUlRQUNvZENodHljRjlvT25abFprWldTemhJWkdkcmRYZGFOWGR3Tm05NVduYxAB,TIP,Carry water but don't litter,574,602,exact,Carry water but don't litter.,en,gazetteer,,cr btr bt dnt ltr
b0351fb98fb2c8e9,TIP,Go early,25,33,exact,Go early.,en,gazetteer,,g erl
