review_id,language_label,language_confidence,language_method,detected_iso,text_basis,text_normalized,place_phonetic_key
Ci9DQUlRQUNvZENodHljRjlvT21wR2RuTXpNR3gyV1hSVFdsOVZkSFkzVmpaWFdXYxAB,en,1.0,lid,en,clean,"Cox's Bazar is truly a breathtaking destination. The endless sea beach, fresh breeze, and mesmerizing sunset create unforgettable memories. A must-visit place in Bangladesh.",cks bjr bc
Ci9DQUlRQUNvZENodHljRjlvT21kelExZHBSVjlXUld4WVozWkVkSGxLYm1OS1MyYxAB,en,1.0,lid,en,clean,"Cox's Bazar is the most popular beach destination in Bangladesh and is globally known for having the longest natural sea beach in the world, stretching over 120 kilometers along the Bay of Bengal. The beach offers a unique blend of natural beauty, relaxation, and vibrant tourist activity. The soft golden الرمال, gentle waves, and wide shoreline make it an ideal place for walking, swimming, and enjoying the peaceful sound of the sea. Areas like Laboni Beach are always lively with tourists, local vendors, and beachside activities, while Kolatoli Beach and Sugandha Beach offer a balance between relaxation and entertainment. For those seeking quieter and more scenic surroundings, Inani Beach is famous for its coral stones and crystal-clear water, providing a completely different beach experience. Beyond the main beach, Cox’s Bazar is surrounded by several attractive spots that make the trip even more worthwhile. Himchari National Park is known for its green hills, waterfalls, and breathtaking panoramic views of the sea from the top. A short drive away, Marine Drive offers one of the most scenic coastal roads in the country, perfect for long drives along the ocean. Further south, Teknaf marks the southern tip of Bangladesh, where visitors can enjoy river views and even see the border with Myanmar. Nearby, Saint Martin's Island, the only coral island in Bangladesh, attracts travelers with its turquoise water, fresh seafood, and peaceful island vibe. Altogether, Cox’s Bazar is not just a beach, but a complete travel experience that combines nature, culture, and adventure in one unforgettable destination.",cks bjr bc
Ci9DQUlRQUNvZENodHljRjlvT2pSRVYyWndTVVZUZDJSeFRVTndVVk5LU2xkb1JIYxAB,en,1.0,lid,en,clean,"An extraordinary experience! The blue waters and the sandy beach are enough to lift your spirits. The joy of watching the sunset in the evening is truly unique. Don't miss out on a long drive along Marine Drive. Overall, it was a fantastic trip!""",cks bjr bc
Ci9DQUlRQUNvZENodHljRjlvT2pKd01VNWZPRE14U1ZsVWRtSmpWa2R0VFY5RU0wRRAB,en,1.0,lid,en,clean,"Cox’s Bazar Beach is the longest natural sea beach in the world, stretching for about 120 kilometers along the Bay of Bengal. It is one of the most famous tourist destinations in Bangladesh, known for its wide sandy shore, strong waves, and scenic sunset views. According to general visitor reviews and travel feedback, the beach is highly appreciated for its natural beauty, relaxing atmosphere, and vibrant tourist activities such as beach walking, swimming, horse riding, and sea food experiences. The area remains very lively throughout the year, especially during holidays and peak tourist seasons. However, some issues are mentioned like overcrowding, traffic congestion, and occasional cleanliness concerns in busy areas. Despite that, Cox’s Bazar Beach remains one of the most iconic and must-visit natural attractions in Bangladesh.",cks bjr bc
Ci9DQUlRQUNvZENodHljRjlvT2xkbFZUUkVaVTVyWjFJeVpYVjBjVFZMVldwdk5rRRAB,en,1.0,lid,en,clean,"Cox's Bazar is one of the most beautiful tourist destinations in Bangladesh and home to the longest natural sea beach in the world. The endless stretch of golden sand, the calming sound of the waves, and the fresh sea breeze create an unforgettable experience for visitors. 🌊🌅 The beach is perfect for relaxing walks, watching breathtaking sunsets, and enjoying the peaceful view of the Bay of Bengal. Different beach points like Sugondha, Laboni, and Kolatoli each have their own lively atmosphere with street food, local shops, and friendly people. Besides the beach, Cox’s Bazar also offers nearby attractions such as Himchari hills, Inani Beach, and Marine Drive, which make the trip even more exciting. Fresh seafood, local culture, and the vibrant tourist environment make this place a must-visit for anyone traveling in Bangladesh. Overall, Cox’s Bazar is a perfect destination for relaxation, adventure, and enjoying the natural beauty of the sea. Highly recommended for families, friends, and solo travelers. 🌴✨",cks bjr bc
Ci9DQUlRQUNvZENodHljRjlvT2taUmIzRnpUM0Y2YldwRVJWRk9lbGxDTFV4dmVHYxAB,en,1.0,lid,en,clean,The longest beach in the world. You can enjoy your seafood in the beach & live cooking. Something's can be improve. Hotels are good and reasonable.,cks bjr bc
Ci9DQUlRQUNvZENodHljRjlvT2twNldqQTJkMVYwYmpOM2FFTlNTVGR5TW5CRmIyYxAB,en,1.0,lid,en,clean,"🏖️ The world’s longest sandy beach truly lives up to its name. Stunning views, vibrant local life, and fresh seafood make it a must-visit. Best to go early morning or evening to avoid the heat and crowds. Always a special place to relax and unwind!",cks bjr bc
Ci9DQUlRQUNvZENodHljRjlvT25GMmJURkViak5DVDAxM2NuZFRZVVJFVEhFeWNuYxAB,en,1.0,lid,en,clean,The main and biggest sea beach of bangladesh. Stunning view of the sea from the beach. This sea beach took so big area of the coast of cox's bazar and it's so beautiful area good for vacations and trips. This area is the most cleanest place of the Bangladesh there are no mosquitos and flys and it means no distraction from enjoying the view of the sea from the beach. I would recommend you if you have free time you should go there to make your mind fresh!,cks bjr bc
ChdDSUhNMG9nS0VJQ0FnSUNyNzd2cW5RRRAB,en,1.0,lid,en,clean,"Cox's Bazar is a breathtaking destination with the world's longest natural sea beach, stretching over 120 kilometers along the Bay of Bengal. The soft sandy shore and clear blue waters create a serene environment perfect for relaxation and enjoying beautiful sunsets. Beyond the beach, Himchari National Park offers lush green hills, waterfalls, and diverse wildlife for nature enthusiasts. The town itself is rich in local culture, with bustling markets offering handicrafts and delicious seafood. Cox's Bazar truly combines natural beauty, outdoor adventure, and cultural experiences, making it a must-visit destination in Bangladesh.",cks bjr bc
ChZDSUhNMG9nS0VJQ0FnSUN2bzYtVEZnEAE,en,1.0,lid,en,clean,"The Cox's Bazar pride of Bangladesh and one of the most beautiful places! Great for tourists and sea lovers. The sea is really beautiful from here and the waves are calming. But overpopulation is really disturbing here. It can be quite hard to take in the beauty of the sea due to this. And hygiene can be a problem here. The people here throw garbage anywhere and pollute the beach. Other than that some of the peddlers can be annoying. Still, the beauty of the place is astounding and Mesmerizing. Great place to visit during summer.",cks bjr bc
ChZDSUhNMG9nS0VJQ0FnSUN2b3ZQR0NREAE,en,1.0,lid,en,clean,"Last year, I had the opportunity to take a break from our department and visit the beautiful Cox's Bazar. I stayed for about three nights, and it was an unforgettable experience! The long, sandy beach is just stunning, perfect for morning walks and evening sunsets. The atmosphere is peaceful, and the sound of the waves is incredibly relaxing. I explored the local markets, tried delicious seafood, and enjoyed the warm hospitality of the locals. The area offers a perfect mix of relaxation and adventure with plenty of activities like beach sports, boat rides, and exploring nearby attractions such as Himchari and Inani Beach.",cks bjr bc
ChZDSUhNMG9nS0VJQ0FnSURUemVfeGFnEAE,en,1.0,lid,en,clean,"Cox's Bazar Sea Beach, the world's longest natural sandy beach, offers stunning coastal views and a relaxing atmosphere. The golden sands and clear blue waters make it a popular destination for tourists and locals alike. While the beach is generally clean and well-maintained, it can get crowded during peak seasons. The local seafood is a must-try, though prices can be high. Overall, Cox's Bazar Sea Beach is a beautiful and vibrant spot, perfect for a beach getaway.",cks bjr bc
Ci9DQUlRQUNvZENodHljRjlvT2tOTWNsZE5XRGhKVkd0TFJGSXlUR3hDWDFsbU4wRRAB,en,1.0,lid,en,clean,"Cox's Bazar Beach: Cox's Bazar Beach is located in the southeastern part of Bangladesh, in Cox's Bazar district and city, on the shores of the Bay of Bengal. It is the city's main attraction with a length of 120 kilometres (75 mi) and is also called the ""world's longest natural unbroken sea beach"". It is a top tourist destination in Bangladesh. It is located about 150–152 kilometres (93–94 mi) south of Chittagong city. The beach is sandy and gently sloping, making it suitable for walking and enjoying the sea breeze. Many tourists come to Cox's Bazar to relax, swim, and watch the stunning sunset. It is a popular place for families and friends to have fun and enjoy the natural beauty. At high tide, the beach is 200 metres (660 ft) wide and at low tide, it is an average of 400 metres (1,300 ft) wide. Quicksand is a hazard during high tide.",cks bjr bc
ChZDSUhNMG9nS0VJQ0FnSUNYdXBpSkJREAE,en,1.0,lid,en,clean,"The pride of Bangladesh and one of the most beautiful places! Great for tourists and sea lovers. The sea is really beautiful from here and the waves are calming. But overpopulation is really disturbing here. It can be quite hard to take in the beauty of the sea due to this. And hygiene can be a problem here. The people here throw garbage anywhere and pollute the beach. Other than that some of the peddlers can be annoying. Still, the beauty of the place is astounding and Mesmerizing. Great place to visit during summer.",cks bjr bc
ChdDSUhNMG9nS0VJQ0FnSUNzaHNxZXFnRRAB,en,1.0,lid,en,clean,Best natural beach and longest one too If u r from BANGLADESH - then u already know.. Its a place to visit for family. Couple. Friends and even alone-great hotels from all categories are available - choose as u like. One thing i noticed last time- the beach got cleaner and more organized.. Tourist police are definitely giving good protection. Enjoy if u visit there.. U wont regret.,cks bjr bc
Ci9DQUlRQUNvZENodHljRjlvT2kxWUxWOXNZamxoTTFKNWNFdEJkekJOU1hsRVNXYxAB,en,1.0,lid,en,clean,"Cox’s Bazar is truly a breathtaking destination with the world’s longest natural sea beach. The wide sandy shore, soothing sound of waves, and beautiful sunset create an unforgettable experience. It’s a perfect place for relaxation, photography, and spending quality time with friends or family. There are plenty of hotels, restaurants, and activities available, making it convenient for tourists. However, during peak seasons it can get crowded, and cleanliness in some areas needs improvement. Overall, it’s a must-visit place in Bangladesh for nature lovers. 🌊✨",cks bjr bc
ChZDSUhNMG9nS0VJQ0FnSUMxX0l6QUlREAE,en,1.0,lid,en,clean,"Cox's Bazar is an idyllic haven that exceeded all my expectations during in 2023. The endless stretches of golden sands, lapped by the gentle waves of the Bay of Bengal, created a mesmerizing backdrop for romance and relaxation. The beach's serene ambience, coupled with stunning sunsets and warm hospitality, made it the perfect destination for an unforgettable getaway. Cox's Bazar Sea Beach is a treasure trove of natural beauty, offering a serene escape from the hustle and bustle of everyday life. 23/11/2023 ( my 4th travels)",cks bjr bc
ChdDSUhNMG9nS0VJQ0FnSUNzZ3F5N3VBRRAB,en,1.0,lid,en,clean,"World's longest beach..i think its the best place overalls Bangladesh. Lots of places i visit but cox's Bazar is MORE attractive among all. Its a safest place for travellers. Anyone can go their for refreshment with family & friends without facing any kind of problem,if u dont have a wrong activists. I suggests you go for just one time next time u Can't stop your self to going there.",cks bjr bc
Ci9DQUlRQUNvZENodHljRjlvT2pobVJGbExNRlk1YjFKWmFrRkxjbEV3YWxaeVJHYxAB,en,1.0,lid,en,clean,"Love it!!. As a bangladeshi, this is my favourite vacation spot. Love the hotels and the breeze just soo relaxing. Many sellers on the beach. Love Cox's bazar ❤️❤️🩷( ﾟ∀ﾟ)",cks bjr bc
ChdDSUhNMG9nS0VJQ0FnSUM3ck1haTJRRRAB,en,1.0,lid,en,clean,"Cox's Bazar Beach located at Cox's Bazar, Bangladesh, is the longest natural sea beach in the world running 120 kilometres (75 mi). According to a survey of Bangladesh Bureau of Statistics in December 2021, each year 17% of the citizens of the country visit Cox's Bazar, which is about 3 million. However, the number of trips to Cox's Bazar beach is declining due to various issues.",cks bjr bc
Ci9DQUlRQUNvZENodHljRjlvT21OdFlucGlNbDg0T1hCdmNYRmZMVjgzUVhOUmRXYxAB,en,1.0,lid,en,clean,"🌿 Visitor Review – Sreemangal Tea Gardens Visiting the tea gardens of Sreemangal was an unforgettable part of my trip to northeast Bangladesh. As soon as you arrive, the rolling hills covered with endless rows of vibrant green tea bushes make you feel like you’ve stepped into another world. The scenery looks like a green carpet laid out forever, and the fresh, earthy smell of tea leaves fills the air everywhere you go — it’s incredibly calming and refreshing. Walking through the gardens was one of the highlights. Sometimes you spot local tea pickers carefully harvesting leaves, and that gives you a real sense of how much hard work goes into producing every cup of tea. The landscape seems to stretch on as far as the eye can see, with gentle slopes, neat patterns of bushes, and paths that invite you to explore slowly. The atmosphere is calm and peaceful — great for nature lovers, photographers, or anyone who just wants to relax and enjoy quiet time surrounded by green. I’d recommend walking in the early morning when the air is cool and the light makes the tea gardens look even more magical. You’ll also find small local tea stalls nearby where you can taste fresh tea or the famous Seven Layer Tea of Sreemangal — it adds a fun, local flavor to the visit. Pros: ✔️ Beautiful, lush greenery everywhere ✔️ Very peaceful and refreshing place ✔️ Great for photos and nature walks ✔️ Insight into tea cultivation and local life Things to Know: ⚠️ It’s mostly natural scenery — if you expect structured tours or big attractions, it’s simpler than that. ⚠️ Best visited during the dry, cool season (Nov–Feb) for comfortable exploring. --- 🌱 Overall: Sreemangal’s tea gardens are perfect for a slow, relaxing day immersed in nature’s beauty. If you love greenery, fresh air, and scenic landscapes, this place feels like a dream — one of the most iconic spots in Bangladesh’s tea country. 🍃☕",srmngl t grdn
Ci9DQUlRQUNvZENodHljRjlvT21KNmJsQklYMVJUYW1WMWRqVklTRmQ0YVRoeE4zYxAB,en,1.0,lid,en,clean,"Srimangal Tea Garden: Srimangal Tea Garden is located in Srimangal Upazila of Moulvibazar District. Known as the tea capital of Bangladesh, Srimangal is famous for its lush green tea gardens, serene scenery and delicious seven-tiered tea. A must-visit for nature lovers and tea lovers, this charming town offers a refreshing atmosphere of the green countryside of Bangladesh. It is spread over an area of 450 square kilometers. The lush green tea gardens attract most of the tourists. There are a total of 163 tea gardens here. The highest quality tea is produced here. The tea industry in Srimangal dates back to the British colonial period when tea gardens were established in the Sylhet region. Today, the tea industry is the backbone of Srimangal's economy. It provides employment to thousands of workers, including women from the local community. Srimangal's tea is a major export product for Bangladesh.",srmngl t grdn
Ci9DQUlRQUNvZENodHljRjlvT2kxM2N6ZzVRVlZJVDFsM1RtMWhTVm81YWpCMGMzYxAB,en,1.0,lid,en,clean,"Visiting Srimangal Tea Garden is refreshing and beautiful. Lush green hills, well-kept tea plants, and serene views make it ideal for a peaceful getaway. You’ll learn about tea cultivation from friendly workers and taste fresh, delicious tea. Perfect for nature lovers—highly recommended!",srmngl t grdn
ChZDSUhNMG9nS0VJQ0FnSUR5MktuUEVREAE,en,1.0,lid,en,clean,"It was really nice and great place.. tea leaves are plucked from here and processed. Thus we get the tea. Best quality tea leaves are exported outside the country. But if you search, you can find some good quality tea from the local stores as well. There are some small local stores who sell tea best quality. They somehow manage the export quality tea and sell it to the outside market. Some times they have their own tea garden so they can collect it from there as well",srmngl t grdn
ChZDSUhNMG9nS0VJQ0FnSURidk5QM1JREAE,en,1.0,lid,en,clean,"The Sreemangal Tea Garden, located in the Maulvi Bazar district of Sylhet Division, is often referred to as the ""Tea Capital of Bangladesh."" Renowned for its expansive, lush green landscapes, Sreemangal offers a picturesque and tranquil escape for visitors. The area is famed for its rolling hills covered with neatly lined tea bushes, creating a verdant carpet that stretches as far as the eye can see. One of the key attractions of the Sreemangal Tea Garden is its rich history and contribution to Bangladesh's tea industry. The region's subtropical climate, with high humidity and ample rainfall, provides an ideal environment for tea cultivation, making Sreemangal a significant player in the production of high-quality tea. The estate is known for its variety of teas, including black, green, and white teas, each with its unique flavor profile. Visitors to the Sreemangal Tea Garden can enjoy guided tours that offer an in-depth look at the tea production process. From the careful cultivation and hand-picking of tea leaves to the intricate processing and packaging stages, these tours provide a comprehensive understanding of how the estate maintains its high standards of quality. The experience is further enriched by opportunities to sample the estate's teas in a tasting room, where expert tea sommeliers guide guests through the subtleties of different brews. The Sreemangal Tea Garden also places a strong emphasis on sustainability and community involvement. The estate employs environmentally friendly practices, such as reducing pesticide use and conserving water, to minimize its ecological footprint. Additionally, it supports the local community by providing fair wages and safe working conditions for its employees and investing in community development projects like education and healthcare. Tourism plays a significant role in Sreemangal, with the tea garden attracting numerous visitors each year. The serene environment, coupled with the opportunity to learn about and taste high-quality tea, makes it a popular destination for both domestic and international tourists. The area offers a range of accommodation options, from charming cottages to luxurious lodges, allowing visitors to fully immerse themselves in the tranquility of the tea gardens. In conclusion, the Sreemangal Tea Garden is a testament to the rich cultural and natural heritage of Bangladesh. Its commitment to quality, sustainability, and community development, along with its breathtaking landscapes and exceptional teas, make it a must-visit destination for tea enthusiasts and travelers seeking a peaceful retreat.",srmngl t grdn
ChdDSUhNMG9nS0VJQ0FnSUR4bS1tc2tRRRAB,en,1.0,lid,en,clean,Amazing view of tea garden over hill. There's so much green. Your eyes will become so cool.,srmngl t grdn
ChZDSUhNMG9nS0VJQ0FnSURXNm82WUhREAE,en,1.0,lid,en,clean,"It was an OK place to visit but, good one to click photos. But, you will face some random guys in front of the tea garden who asks for illegal/invalid entry fee of BDT 50 to 100. They are just local goons who asks for these kind of money and all.",srmngl t grdn
ChdDSUhNMG9nS0VJQ0FnSURSM3JpbnRBRRAB,en,1.0,lid,en,clean,very famous Tea Garden srimongol deictic in Bangladesh forest department jungle area Lake tree big waterfa green view wow,srmngl t grdn
ChZDSUhNMG9nS0VJQ0FnSURleUtTOFp3EAE,en,1.0,lid,en,clean,Sreemangal is known as the tea capital of Bangladesh. It covers an overall are of 450 sq. km. The opulent green tea plantation attracts most tourists. It has overall 163 tea plantations. The tea of highest quality is produced here.,srmngl t grdn
ChZDSUhNMG9nS0VJQ0FnTURvbEtmWUlBEAE,en,1.0,lid,en,clean,"Sometimes called The Capital of Tea garden in Sreemongal.There are terraced tea gardens and pineapple, rubber, and lemon plantation.",srmngl t grdn
Ci9DQUlRQUNvZENodHljRjlvT2toUFRGZFlWMVkzWlVSdVZsTndhRnBsZEVwdWFsRRAB,en,1.0,lid,en,clean,"Quite beautiful place with fresh air, you can enjoy a peaceful time inside the garden",srmngl t grdn
Ci9DQUlRQUNvZENodHljRjlvT2pCUmVsZDVWRmQwU2xsc1pIY3dkVkZWWTNoVmRGRRAB,en,1.0,lid,en,clean,"Srimangal is famous for its endless tea gardens, rolling hills, and peaceful ambiance. The Lawachara National Park and Madhabpur Lake are perfect for nature walks and bird watching. Its seven-layer tea is a unique experience for visitors. A quiet escape from city life with refreshing greenery all around.",srmngl t grdn
Ci9DQUlRQUNvZENodHljRjlvT2xoTlkwSjZhbGhXVFdodFJrRnVVMDlZV1hwV1RWRRAB,en,,short-text,en,clean,Tourist Place & nice view 👌,srmngl t grdn
ChdDSUhNMG9nS0VJQ0FnSUNoX3RtOXlnRRAB,en,1.0,lid,en,clean,"Srimangal upazila is one of the most beautiful upazilas of Habiganj district, there is green nature, pleasant environment. In short, amazing.",srmngl t grdn
ChdDSUhNMG9nS0VJQ0FnSUQybU9yTDJRRRAB,en,,short-text,en,clean,Very nice place to enjoy the tea garden,srmngl t grdn
ChdDSUhNMG9nS0VJQ0FnSUNkdmFtV3dnRRAB,en,1.0,lid,en,clean,"Natural Vive, one ride like a walk in heaven of nature. Truly amazing.",srmngl t grdn
ChdDSUhNMG9nS0VJQ0FnSUNPXzkzOWtBRRAB,en,1.0,lid,en,clean,This is the biggest place for tea in Bangladesh and people get quality tea to our national and international ground. This is absolutely a beautiful place for any visitors are there. This is really amazing and naturally decorated. It's a real beauty. If anyone go there he or she will must fall in love of its beauty of nature.,srmngl t grdn
ChdDSUhNMG9nS0VJQ0FnSURPOHBLczhRRRAB,en,,short-text,en,clean,Very good to have proud-01-07-2022,srmngl t grdn
ChZDSUhNMG9nS0VJQ0FnSURSai0yMlZREAE,en,1.0,lid,en,clean,It is an attractive place. The garden of tea trees are looking like the carpet of nature. Very much relaxing place. But the salary of tea workers are so lest. It's just 180 tk per day. That was so poor for a person to live with his family. The Authorities should look after on that matter.,srmngl t grdn
ChZDSUhNMG9nS0VJQ0FnSUNXeEpPMFRnEAE,en,1.0,lid,en,clean,Nice place to spend quality time with many tea garden and resorts,srmngl t grdn
Ci9DQUlRQUNvZENodHljRjlvT2pkTk1raEtPRXB6UmxGT1RWVmFjbkpKTjBKalQwRRAB,en,1.0,lid,en,clean,"Located about 2,000 feet above sea level and just 5 km from Bandarban town, Nilachal is often called the ""Darjeeling of Bangladesh."" It is a heavenly spot where you can literally touch the clouds. This tourist center offers an unparalleled 360-degree panoramic view of the vast mountain ranges and the distant Bandarban town below. Nilachal is most famous for its spectacular sunrise and sunset views. On a clear day, the horizon seems endless, and the play of light and shadow over the hills is a dream for photographers. The area is beautifully developed with unique architectural sitting spots, cafes, and rest houses perched on the edge of the hills, making it a perfect place for relaxing and socializing. The winding road leading up to the peak is an adventure in itself, offering scenic beauty at every turn. If you want to experience the true majesty of the hills and the serenity of the sky, Nilachal is an essential destination in Bandarban.",nlcl trst cntr
Ci9DQUlRQUNvZENodHljRjlvT21reU1tOTBhRkJJVFdKNlZXTmFVMnR0VVc5NlFuYxAB,en,1.0,lid,en,clean,"Nilachal is a popular tourist destination in the Bandarban district of Bangladesh. It is situated on the top of a small hill in a place called Tigerpara, about 6 kilometers from Bandarban town. The hill's elevation is approximately 1,600 feet above sea level. The main attraction of Nilachal is its captivating natural scenery. From here, you can get a panoramic view of Bandarban town, the winding course of the Sangu River, and the surrounding rows of green hills. During the monsoon season, in particular, Nilachal takes on an extraordinary appearance, covered in clouds, and is known among tourists as the ""Kingdom of Clouds."" The views during sunrise and sunset are also exceptionally beautiful. For the convenience of tourists, there is a resort, several rest areas, and a coffee shop. It is also known as an excellent picnic spot. Nilachal can be easily reached from Bandarban town by CNG or ""Chander Gari."" It is an ideal place for a quick visit and a beautiful destination for nature lovers.",nlcl trst cntr
ChdDSUhNMG9nS0VJQ0FnSURqblpQWDBnRRAB,en,1.0,lid,en,clean,"This breathtaking nature spot is the perfect place to experience the beauty of our country. Surrounded by stunning views, it offers a peaceful and serene environment to connect with the natural world. Whether hiking through the trails or simply taking in the scenery, this nature spot is a must-visit for anyone looking to appreciate the wonders of our country.",nlcl trst cntr
Ci9DQUlRQUNvZENodHljRjlvT2xKTlZEbDRMV05UVFZJemVsQkVUbmx5TjB4V1FrRRAB,en,1.0,lid,en,clean,Beautiful at early morning and at the time of sunset.,nlcl trst cntr
Ci9DQUlRQUNvZENodHljRjlvT2xobGFqWnphbkZsWTNGdGFXSkxOR05QVEVsdU1FRRAB,en,1.0,lid,en,clean,Entry ticket was 100 BDT per person and additional for car / CNG / Bike. Without rainy season it’s not worthy.,nlcl trst cntr
Ci9DQUlRQUNvZENodHljRjlvT2xKZmMyaHVOV2RRZFRReWRGZEVaSFpCVjJ0aWIyYxAB,en,,short-text,en,clean,Romantic place and great view,nlcl trst cntr
Ci9DQUlRQUNvZENodHljRjlvT21wcVFrNW9jRWhVWVc5U1pYWXRVbmhTZVhWZlNrRRAB,en,1.0,lid,en,clean,"“Perched at around 2,000 ft above Bandarban town, Nilachal—also known as ‘Tiger Hill’—offers sweeping panoramic views of the hills, clouds, and even distant Chittagong port and Cox’s Bazar on clear days. It’s easily accessible via a 5 km winding road, with basic amenities like resthouse, café, and seating areas. Ideal for sunrise, sunset, or cloudscapes, this serene viewpoint is perfect for photography, relaxation, and a quick scenic escape. 🌄🌿✨”",nlcl trst cntr
Ci9DQUlRQUNvZENodHljRjlvT25ZdFIyeHpObFZGVHpodGFXeHphVVk1TW5JM1luYxAB,en,1.0,lid,en,clean,Great environment. Incredible view. But need some shade area for people to sit and enjoy during full sun or rain. People are friendly and helpful.,nlcl trst cntr
ChZDSUhNMG9nS0VJQ0FnTURvZzhfMUZBEAE,en,1.0,lid,en,clean,"The place offers breathtaking natural beauty and stunning hill views, making it a wonderful destination. However, when compared to similar tourist spots in countries like Thailand, Malaysia, and Vietnam, there seems to be room for improvement in terms of planning and infrastructure development. With better environmental management and thoughtful planning, this location has the potential to become a truly outstanding tourist destination.❤️",nlcl trst cntr
ChZDSUhNMG9nS0VJQ0FnSURMN0lHVkhREAE,en,1.0,lid,en,clean,"The Nilachal Tourist Center, located in Bangladesh, is a popular destination known for its natural beauty and serene surroundings. It offers visitors a peaceful retreat amidst lush greenery and scenic landscapes. The center provides facilities for tourists to relax and enjoy nature, making it a favorable spot for those seeking tranquility and a break from urban life.",nlcl trst cntr
ChdDSUhNMG9nS0VOTFluNXE5ajZ5QTBRRRAB,en,1.0,lid,en,clean,"Stunning panoramic views from Nilachal! It's an easily accessible spot near Bandarban town that offers incredible vistas of the surrounding hills and valleys, especially at sunset. The well-maintained area makes it a comfortable visit for everyone. Definitely worth a stop for some memorable photos and a peaceful experience.",nlcl trst cntr
Ci9DQUlRQUNvZENodHljRjlvT2xoWVJuZ3hRa1JuYTNWRFprSTFaVXBUVkRoRmNHYxAB,en,1.0,lid,en,clean,"The extraordinary view of the hill is available from the Nilachol. Due to the nearby and short distances of the city, there are extra crowds in the closed days. However, it can be a travel destination of value for money.",nlcl trst cntr
Ci9DQUlRQUNvZENodHljRjlvT21sTmRXNVFORWQzTkZGd1dEQXlja05rYjNnMWFIYxAB,en,1.0,lid,en,clean,"Very good place to see mountain ⛰️ view, Also to see Bandarban from this hill",nlcl trst cntr
ChdDSUhNMG9nS0VJQ0FnSUR2cG96TDJnRRAB,en,1.0,lid,en,clean,What mesmerizing view I have seen.You can see the Bandarban city through the greenery from the top of the hill. Green and green everywhere. And the uneven hills are blessings for our eyes. Maybe not the best but one of the best places in Bandarbans. Most importantly it takes only 15 mins from Bandarban city.,nlcl trst cntr
ChdDSUhNMG9nS0VJQ0FnSUN2eTRMa3J3RRAB,en,1.0,lid,en,clean,"Nilachal Tourist Centre is a popular tourist destination located in Bandarban, a district in the Chittagong Hill Tracts of Bangladesh. Known for its stunning natural beauty, Nilachal offers a picturesque view of the surrounding hills, forests, and valleys. It is situated at an altitude, providing a cool and refreshing climate, making it a perfect getaway for nature lovers and adventure enthusiasts. Visitors to Nilachal can enjoy panoramic views of the nearby hills, including the famous ""Nilgiri"" mountain range. The center itself is a well-developed spot with various facilities such as guesthouses, restaurants, and a viewing tower that provides breathtaking views of the entire area. The peaceful atmosphere and scenic surroundings make it an ideal location for relaxation, photography, and sightseeing. One of the key attractions near Nilachal is the ""Boga Lake,"" a high-altitude lake that draws trekkers and adventure seekers from across the country. The lake and the surrounding area are known for their tranquility and natural beauty, making it a must-visit spot for those exploring Bandarban. Nilachal also serves as a starting point for treks to other scenic spots in the region, such as Nafakhum and Remakri waterfalls. Overall, Nilachal Tourist Centre is a perfect blend of nature, adventure, and serenity, attracting both local and international visitors to explore the beauty of Bandarban.",nlcl trst cntr
ChdDSUhNMG9nS0VJQ0FnSUNYMU9tQ3pRRRAB,en,1.0,lid,en,clean,"Nilachol in Bandarban is a stunning spot, especially known for its breathtaking sunrise views. My family and I visited in December 2015, and the experience was unforgettable. The panoramic beauty of the hills and the golden sunrise left us in awe, making it one of the most serene and picturesque places I've ever visited.",nlcl trst cntr
ChdDSUhNMG9nS0VJQ0FnTURncWZTUmdnRRAB,en,1.0,lid,en,clean,"Nilachal, often referred to as the “Darjeeling of Bangladesh,” is a picturesque hilltop destination located near Bandarban town. It’s renowned for its breathtaking panoramic views of the lush green hills and valleys, offering visitors a serene and tranquil environment.",nlcl trst cntr
ChZDSUhNMG9nS0VJQ0FnSUR2cjktT01REAE,en,1.0,lid,en,clean,"Nilachal in Bandarban is a breathtaking tourist destination that offers stunning panoramic views of the hills and clouds. Located just a short drive from the main town, it’s a perfect spot for nature lovers and photographers. The serene environment, fresh air, and well-maintained viewpoints make it an ideal place to relax and rejuvenate. Watching the sunrise or sunset from Nilachal is a magical experience that you’ll never forget. The facilities, including food stalls and seating areas, add convenience for visitors. It’s a must-visit location for anyone traveling to Bandarban, showcasing the true beauty of nature in Bangladesh.",nlcl trst cntr
ChZDSUhNMG9nS0VKand5S0dINTRtamRREAE,en,1.0,lid,en,clean,Awesome Tourist place. If you want to see the whole scenario of Bandarban in a Single view Nilachal is the best option. First off all you should hire a Chand er gari or CNG to visit this and The Ticket price are 50 tk,nlcl trst cntr
Ci9DQUlRQUNvZENodHljRjlvT21wVmRIYzJZamRyUlRkd2QzVlROWEJ6UmpkRWNVRRAB,en,1.0,lid,en,clean,Awesome Tourist place. If you want to see the whole scenario of Bandarban in a Single view Nilachal is the best option. It's located near Bandarbon bus stand. If you want to visit this place from Bandarbon bus stand you will hire a CNG than come to this place. The Ticket price are 50 tk.,nlcl trst cntr
Ci9DQUlRQUNvZENodHljRjlvT2s5VU0yaHNOMmx4ZURORFJGRnJUMmhxUlhSeE1HYxAB,en,1.0,lid,en,clean,"Visited Jaflong in the off‑season, water level was low and boat rides were limited, but the riverbank, stone formations, and hill views were still peaceful and photogenic. Fewer crowds made it relaxing; local vendors were friendly. Recommend coming during monsoon for the full, dramatic river scenery.",jflng jr pnt
Ci9DQUlRQUNvZENodHljRjlvT2t3eVNXNVhTVWRqVm1OMVptaDBRVWg2TmpobFJHYxAB,en,1.0,lid,en,clean,"Jaflong is truly the crown of Sylhet. Its combination of mountains, rivers, and nature instantly mesmerizes anyone. The moment you enter Jaflong, the view of the mountains ahead is so breathtaking that it instantly lifts your mood. Coming here genuinely brings a sense of peace. However, since it is a popular tourist spot, it is always crowded. Because of the rush, you might miss out on that 10% of solitary peace. A small warning: Some of the local photographers here can be scammers at times. We actually fell victim to this ourselves. Make sure to finalize the price before getting any photos taken, as they might try to force you into it. Also, be sure to bargain at all the nearby shops; if you don't, there's a high chance of getting ripped off. All in all, you won't truly understand the beauty of Jaflong until you visit it at least once. It is a must-visit place for nature lovers. Tip: Go in the morning to beat the crowd and get the absolute best views.",jflng jr pnt
Ci9DQUlRQUNvZENodHljRjlvT2pSRk1WbHNlRVIzWjJSMlZuSmxVSEpuY0RKNFowRRAB,en,1.0,lid,en,clean,"Alhamdulillah, I had the opportunity to visit Jaflong, which is widely known as one of the most popular tourist destinations in Sylhet. However, my personal experience was somewhat average compared to how beautifully people usually describe it. The natural setting, especially being a border area, has its own unique charm. You can see the hills from the Indian side, which may look more scenic and well-preserved from a distance. However, I was a bit disappointed to find some areas affected by litter and poor maintenance. This reduced the overall beauty and peaceful environment that one might expect from such a place. At the same time, places like this still remind us of the blessings of Allah. With better care and cleanliness, Jaflong could truly reflect the beauty that people often talk about. Overall, it’s worth visiting once, but expectations should be realistic. May Allah help us to value and protect the ni‘mah He has given us. 🌿",jflng jr pnt
Ci9DQUlRQUNvZENodHljRjlvT210SlNIWlVaMTh4VWxkdFJ6SlBkVlpmWlZKdVRVRRAB,en,1.0,lid,en,clean,"Jaflong Zero Point is one of the most captivating natural attractions in Bangladesh, offering a rare blend of serenity and raw beauty at the edge of the country. Situated along the Bangladesh–India border, this destination is famous for its crystal-clear waters of the Piyain River, where smooth, colorful stones are visible beneath the surface, creating a mesmerizing visual experience. The surrounding landscape, framed by the lush green hills of Meghalaya, adds a dramatic and almost cinematic backdrop. The calm flow of the river, combined with occasional waterfalls cascading from distant hills, creates a peaceful yet vibrant atmosphere. Visitors can enjoy boat rides, explore the riverbanks, or simply sit and absorb the tranquil environment. What makes Jaflong Zero Point truly special is its cultural and geographical uniqueness. Standing at the border, you can literally observe two countries divided only by a flowing river, while nearby Khasi tribal life adds a subtle cultural richness to the experience. However, the beauty is not without challenges—crowds, environmental concerns, and unregulated stone collection sometimes affect its pristine charm. Still, despite these issues, Jaflong Zero Point remains a must-visit destination for nature lovers seeking peace, scenic beauty, and a touch of adventure.",jflng jr pnt
Ci9DQUlRQUNvZENodHljRjlvT25GVlh6SkdOV0l3TlVodFJreGZlREJJYTBsek5rRRAB,en,1.0,lid,en,clean,"A perfect getaway for nature lovers 🌿 The scenery is breathtaking, and the environment is calm and peaceful. Great place to spend quality time with friends or family. Highly recommended for a short trip!",jflng jr pnt
Ci9DQUlRQUNvZENodHljRjlvT2xWVVdUQm1jamhSVUc1bmVXRkVabGN0VVZKeGRWRRAB,en,1.0,lid,en,clean,"Jaflong Zero Point is one of the most beautiful places in Sylhet. The crystal-clear water, stunning hills, and peaceful atmosphere make it a perfect destination for nature lovers. I really enjoyed my visit and captured some wonderful memories here. Highly recommended!",jflng jr pnt
Ci9DQUlRQUNvZENodHljRjlvT2pOMFRuaG9aMnBDY0dwQlQwbE9Wa0l3WDNkRlpsRRAB,en,1.0,lid,en,clean,Nice place. Could be more organized. There are many opportunities to develop this place for making it more tourist friendly. No universal access and lack of safety is a minus point. But for explorer it is a nice place to see.,jflng jr pnt
Ci9DQUlRQUNvZENodHljRjlvT2s5c2NtZHZaekJRTkRWQ2RHVnZVSEl0UzJSV2RrRRAB,en,1.0,lid,en,clean,"A Must-Visit Natural Paradise in Sylhet! I recently visited Jaflong Zero Point over the weekend, and it was an absolutely breathtaking experience. If you are a nature lover, this place is a must on your Sylhet itinerary. Why I Loved It: The Crystal-Clear Water: The Piyain River is remarkably clear. You can actually see the colorful stones on the riverbed from the boat—it’s like looking through glass! The Scenery: Standing at the ""Zero Point"" (the border between Bangladesh and India) gives you an incredible view of the Meghalaya hills and the iconic Dawki Bridge. The waterfalls cascading down the green hills in the distance are stunning. Unique Atmosphere: Watching the locals collect stones from the river is a unique cultural sight that adds to the charm of the place. Accessibility: We visited on a weekend and found it very easy to get around. There was no wait to enter, and the overall vibe was energetic yet peaceful. My Tips for Visitors: Boat Ride: Definitely take a boat ride to the precise Zero Point. It costs around 300–500 BDT (negotiable), and it’s the best way to see the underwater stones and get closer to the hills. Mayabi Waterfall: Take a short 15-minute walk or a boat trip to the nearby Songram Punji (Mayabi) Waterfall. It's a great spot to cool off! No Advance Tickets Needed: You don’t need to worry about booking anything in advance—just show up and enjoy. Best Time: The water is clearest in the winter months, but the waterfalls are most dramatic just after the monsoon. Overall, it’s a 10/10 experience for families, photographers, or solo travelers. Highly recommended!",jflng jr pnt
Ci9DQUlRQUNvZENodHljRjlvT2toS1QzTmpYMHhrTmxVeU16azFWMVJtVVhkRFFrRRAB,en,1.0,lid,en,clean,"Jaflong is a hill station and tourist destination in the Division of Sylhet, Bangladesh. It is located in Gowainghat Upazila of Sylhet District and is situated at the border between Bangladesh and the Indian state of Meghalaya, overshadowed by subtropical mountains and rainforests.",jflng jr pnt
Ci9DQUlRQUNvZENodHljRjlvT2pkeU5tdENORE14VlhGZmJFSXplRVZIUmpWRU1HYxAB,en,1.0,lid,en,clean,"Nestled in the northeastern part of Sylhet, Jaflong is one of Bangladesh’s most scenic natural destinations. Known for its crystal-clear river, rolling hills, and stone collections, Jaflong offers a peaceful escape from busy city life. The highlight of Jaflong is the breathtaking view of the Dawki River, where the water is so transparent that you can see the riverbed clearly. Across the border, the lush green Khasi Hills add a dramatic backdrop, making the landscape truly mesmerizing. The famous “Zero Point,” where Bangladesh meets India, is a must-visit for its unique geographic charm. Visitors can enjoy boat rides, explore the nearby tea gardens, and watch local workers collect stones from the river—an activity that defines the area’s culture. The sound of flowing water combined with the fresh mountain air creates a calming atmosphere. However, Jaflong has faced environmental concerns due to excessive stone extraction, which slightly affects its natural beauty. Despite this, it remains a top tourist spot for nature lovers and photographers.",jflng jr pnt
Ci9DQUlRQUNvZENodHljRjlvT2pjNVQxVkpZbkJFTjBrNE9EZ3dVak5MVkcxWk1GRRAB,en,1.0,lid,en,clean,"Jaflong: Jaflong is a hill station and tourist destination in the Sylhet division of Bangladesh. It is located 62 km northeast of Sylhet city in Gowainghat Upazila and on the border of Bangladesh and the Indian state of Meghalaya, which is covered by subtropical hills and rainforest. It is known for its stone collection and is home to the Khasi tribe. Jaflong is located between tea gardens and hills. It is located on the banks of the Sari River at the foot of the Khasia Hills. According to historians, for thousands of years, Jaflong was a secluded forest land under the Khasia Jainta-Raja. Although the Khasia-Jainta kingdom came to an end in 1954 with the abolition of the zamindari system, a large area of Jaflong remained fallow for several years. Later, traders started coming to Jaflong by river from different areas in search of stones, and as the stone trade expanded, new settlements were eventually established. Standing on the Bangladesh border in Jaflong, one can see the high mountain ranges within the Indian border. The waterfalls coming down from these mountains are one of the main attractions for tourists. In addition, the suspension bridge of the Dawki port in India also attracts many. In addition, the Dawki River flowing in a spiral shape also attracts tourists.",jflng jr pnt
Ci9DQUlRQUNvZENodHljRjlvT2toc1Mya3dhbEp5YjNscE4ybDBXVlExV2pWNVRrRRAB,en,1.0,lid,en,clean,"Jaflong – A Timeless Geological & Historical Marvel Historical Significance: Jaflong is not Merely a tourist destination; it is an iconic frontier that represents our rich Geological heritage. Historically Part of the ancient Khasia Kingdom, it has served as a Pivotal hub for Stone Sxtraction for decades. The Dawki River, originating from the Umiam River in India, forms a profound natural Boundary that has sustained the regional economy and cultural exchange for centuries. Seasonal Dynamics & Aesthetic Appeal: The scenic Grandeur of Jaflong shifts Dramatically with the seasons. If you wish to Witness the crystalline emerald waters, the winter months (November to February) provide the optimal window. During this period, the river Remains tranquil, Offering a clear view of the vibrant riverbed stones. Conversely, during the Monsoon (June to September), Jaflong transforms into a majestic spectacle. The surging water levels and towering waterfalls cascading from the Meghalaya hills create a dramatic, ethereal atmosphere that is truly unparalleled. Logistics & Navigational Advice: The arterial road connectivity from Sylhet city has seen significant upgrades recently. Hiring a private sedan or SUV is the most convenient option, allowing you to enjoy the panoramic tea garden vistas along the route. While local transport is available, a private vehicle ensures a comfortable commute and flexibility. Upon arrival, hiring a boat to explore the Zero Point and the area near the suspension bridge is essential, though one must be mindful of navigational constraints during heavy rainfall. Travel Advisory: Navigating Syndicates & Ethics: Visitors should remain vigilant regarding local syndicates or unauthorized guides who may attempt financial exploitation. I strongly advocate for verifying government-approved rates for Boat fares and parking. Always negotiate prices in advance to prevent any unpleasant Confrontations. Furthermore, environmental Preservation is an absolute imperative. The riverbed is currently facing ecological degradation due to excessive littering. I urge every discerning traveler to uphold the pristine Integrity of Jaflong—strictly refrain from disposing of plastic or non-Biodegradable waste into the water. Final Verdict: Promoting Jaflong is crucial to bolstering Bangladesh's stature on the International tourism map. It remains an indispensable destination for anyone seeking to understand the geopolitical and natural splendor of our nation. A visit here is more than a trip; it is an Exemplary experience that reflects the vibrant soul of Sylhet. Highly Recommended!",jflng jr pnt
Ci9DQUlRQUNvZENodHljRjlvT210alVWZFJOMlZ3VEhKRFVXNDNPRWxzVnpSUk1WRRAB,en,1.0,lid,en,clean,"Jaflong Zero Point – Where Nature Meets the Border of Beauty Jaflong Zero Point is one of the most breathtaking and iconic tourist spots in Sylhet, Bangladesh. Standing at the very edge of the Bangladesh–India border, this place feels like a perfect blend of natural beauty, calmness, and raw mountain charm. From the moment you arrive, the fresh air, green surroundings, and soothing sounds of flowing water instantly refresh your mind and soul. The crystal-clear river flowing over layers of colorful stones is the main attraction of Jaflong Zero Point. The sight of transparent water, shining stones, and gentle waves creates a magical atmosphere that feels almost unreal. On the other side, the Khasi hills of India rise beautifully, covered with dense greenery, making the view even more mesmerizing. Clouds slowly floating over the hills add a dreamy touch, especially during the morning and late afternoon. Jaflong is also famous for its stone collection area, where you can see local workers collecting stones from the river. This gives the place a unique cultural and hardworking vibe, showing the connection between nature and human life. Nearby tea gardens further enhance the beauty, offering endless green landscapes that are perfect for photography lovers. The weather at Jaflong Zero Point is usually pleasant, and during the rainy season, the river becomes more lively and powerful, making the scenery even more dramatic. Winter and monsoon seasons are especially popular for visitors, as the natural beauty reaches its peak during these times. For travelers, photographers, and nature lovers, Jaflong Zero Point is a place of peace and inspiration. It’s not just a tourist destination; it’s an experience that allows you to feel close to nature, breathe freely, and forget the noise of daily life. Whether you’re visiting with friends, family, or alone, Jaflong Zero Point leaves a lasting impression that stays in your heart long after you leave. If you truly want to witness the untouched beauty of Sylhet, Jaflong Zero Point is a destination you must visit at least once in your lifetime. 💚🌊🏞️",jflng jr pnt
Ci9DQUlRQUNvZENodHljRjlvT2xWcVJuZGZWMWN0VVVkc1NrMW5NbEZwV1hNNFQwRRAB,en,,short-text,en,clean,Best turis spot sylhet enjoy time.. 7/07/2026,jflng jr pnt
Ci9DQUlRQUNvZENodHljRjlvT2xKblUzYzJVakJyWTA1U1dFNVNMWE5TTm5kSVYyYxAB,en,1.0,lid,en,clean,"Place is pretty beautiful, the fresh cold water. But beware of the boat scammers. If it's your first time. Look around the area first then decide to go on a boat. I mostly saw ppl trafficking blankets and cheap Indian chocolates. There are scams everywhere. I hated the stairs , it's painful to climb them. The Bangladesh government should put more lights around the place. Keep tourists police around aswell. Overall, don't stay in jaflong in winter, it's horrible. No water and boater scammers are ridiculous.",jflng jr pnt
Ci9DQUlRQUNvZENodHljRjlvT2pseU5qQlBVVVZIYkRJMlVteDFXR3RwYmw5cFFXYxAB,en,1.0,lid,en,clean,I visited jaflong zero point a few months ago and absolutely loved the scenery.The natural beauty is breathtaking! However the area could be more organized to make the visit smoother.Overall it's a great spot for nature lovers and a relaxing day trip.,jflng jr pnt
Ci9DQUlRQUNvZENodHljRjlvT2xsQlNsWm1NblpvTVhRMVpYSktaVjgyZVdnMWIzYxAB,en,1.0,lid,en,clean,"An excellent experience for me. My first wild experience till date. Beautiful Hills, River, fountains, nature and washaway stones. It'll become a memorable moment for life. But going in the river is full of risk. Because it is full of waves and stones and also that's the thrill. It's a decent place to visit if you want to have a great moment. This place is not suitable for elderly, because it is full of hill slopes, high and low. Recently there was a mass heist of stones, so I would prefer to hurry up and go witness of what is left!",jflng jr pnt
Ci9DQUlRQUNvZENodHljRjlvT25CSWIxaEdVMjh6WldZMlJrVTFZVjlmUVU5cFNsRRAB,en,1.0,lid,en,clean,"Great place to visit and shopping as well. Highly recommended for tourists among any countries and any areas, where you can swim as well.",jflng jr pnt
Ci9DQUlRQUNvZENodHljRjlvT25GU2RWcFllbWQ2ZFdoNFYyeEphMWRzZVVoeVFtYxAB,en,1.0,lid,en,clean,It’s mesmerising when you will be aware of high prices of scammers try to avoid initial dealers hence you can go directly to the locals for better experience specially the boatman will take 200 BDT per peraon for 5 spot package where scammers demand 500-800 BDT per person.,jflng jr pnt
Ci9DQUlRQUNvZENodHljRjlvT2s5M2EzRlhWM2xWTnpsaU9URmpTekZ2U21oNGFFRRAB,en,1.0,lid,en,clean,"A very beautiful place, Zero Point and Myabi Jharna are very beautiful, but the time I sang there was little water at Zero Point, not bad or good.❤️✨",jflng jr pnt
Ci9DQUlRQUNvZENodHljRjlvT25wZk5GUnlkazFYUWpSRlFXOVBYM3BYWkRsdlprRRAB,en,1.0,lid,en,clean,"Ratargul Swamp Forest is the only freshwater swamp forest in Bangladesh and one of the rarest swamp forests in the world. Located in Gowainghat, about 26 kilometers from Sylhet city, this breathtaking natural wonder covers a vast area of lush greenery and seasonal wetlands. The forest is especially famous for its unique ecosystem, where trees remain partially submerged under water for several months during the monsoon season. As the water level rises, visitors can explore the forest by boat, gliding through narrow waterways surrounded by tall trees and rich wildlife, creating an unforgettable experience. Ratargul is home to numerous species of plants, birds, fish, reptiles, and mammals, making it an important biodiversity hotspot in Bangladesh. The peaceful environment, fresh air, and stunning scenery attract nature lovers, photographers, and adventure seekers from all over the country and beyond. During the rainy season, the forest transforms into a magical water kingdom, often earning it the nickname “The Amazon of Bangladesh” or “The Sundarbans of Sylhet.” Visitors can also enjoy panoramic views from the watchtower, where the endless green canopy and water-filled landscape create a spectacular sight. Beyond its natural beauty, Ratargul plays a vital role in maintaining the ecological balance of the region. The forest helps support local wildlife and protects the surrounding environment. Whether you are looking for adventure, relaxation, photography, or simply a chance to connect with nature, Ratargul Swamp Forest offers a unique and memorable experience that showcases the incredible natural beauty of Bangladesh.",rtrgl sbmp frst
Ci9DQUlRQUNvZENodHljRjlvT21aYVRUQkNUM2hQV0RrNU5qRjVkbmd6ZERJeVdtYxAB,en,1.0,lid,en,clean,"One of the best place to visit in Greater Sylhet. We visited this place during summer. It was full of water. There needs to be watered in the river so you can enjoy the whole experience. During the rainy season, it must also be amazing. However there is an assumption as I did not visit during the rainy season. You should go there and rent a boat which is not really costly, Taka 500/- per boat. The price may vary depending on when you are visiting but it is however not much. People around are very friendly and welcoming. The natural site while you are rowomg through the jungle is amazing. A very good place to visit which is about few hours from Sylhet.",rtrgl sbmp frst
Ci9DQUlRQUNvZENodHljRjlvT2xCVmNGVmZaMnMzWnpKWlptb3hSVk5IY1RSRVpVRRAB,en,1.0,lid,en,clean,"Ratargul Swamp Forest is a truly beautiful and unique place to visit. Its beauty truly comes alive during the rainy season, when the forest is filled with water and looks absolutely breathtaking. The peaceful atmosphere, lush greenery, and boat ride through the flooded forest make it an unforgettable experience. The only downside is that the boat rental fee feels a bit expensive. Other than that, everything was wonderful, and I highly recommend visiting this amazing place. ⭐⭐⭐⭐☆ (4/5)",rtrgl sbmp frst
Ci9DQUlRQUNvZENodHljRjlvT21kM1lYWnFhbUpYZUVOMlYyNDRjRzlEU0ROWmJrRRAB,en,1.0,lid,en,clean,"Ratargul Swamp Forest is the only freshwater swamp forest in Bangladesh and one of the most unique natural attractions in the country. During the monsoon season, the forest becomes submerged, creating beautiful water channels where visitors can enjoy boat rides. The dense trees, calm water, and quiet surroundings create a peaceful and magical atmosphere. It is a perfect destination for nature lovers, photography, and eco-tourism, offering a rare and refreshing experience close to nature.",rtrgl sbmp frst
Ci9DQUlRQUNvZENodHljRjlvT2xWYVpVMUVOR2N4Vm01U0xVczNSV1k0Y0ZrMmJWRRAB,en,1.0,lid,en,clean,"""Ratargul is a stunning swamp forest where adventure awaits at every turn as boatmen row through the narrow watery trails. My journey there was a mix of awe and adrenaline, leaving me with a spine-chilling experience that added a whole new level of thrill to the trip.""",rtrgl sbmp frst
Ci9DQUlRQUNvZENodHljRjlvT2swM1YwUnpZVk5pU0ZBNVYySk9ZVlUyV2poNlJGRRAB,en,1.0,lid,en,clean,"**Ratargul Swamp Forest** is the ""Amazon of Bangladesh,"" located about 26 km from Sylhet city. It is the only freshwater swamp forest in the country, featuring a surreal landscape of trees submerged in tea-colored water. ### **Time Management Strategy** * **Departure:** Leave Sylhet by **9:00 AM** or **2:00 PM**. The drive takes about **1 to 1.5 hours**. * **Duration:** Allocate **2–3 hours** for the boat ride and the watchtower climb. * **The ""Flood"" Window:** Only visit during **Monsoon (July–October)**. In winter, the water dries up, leaving only a muddy forest walk that loses its ""swamp"" magic. ### **Quick Highlights** * **The Experience:** Navigating through narrow ""water-alleys"" in a small, non-motorized wooden boat. * **Watchtower:** Climb the 5-story tower for a panoramic view of the forest canopy and the distant Meghalaya hills. * **Wildlife:** Look for snakes (non-venomous tree snakes are common), monkeys, and various water birds. **Verdict:** A hauntingly beautiful, quiet experience. It’s best to visit on a **weekday morning** to avoid the echoes of other tourists and truly hear the sounds of the forest.",rtrgl sbmp frst
Ci9DQUlRQUNvZENodHljRjlvT25CUFQzQjFVVVJDUkV4M1VWSldlVGRsVEc1R1dVRRAB,en,1.0,lid,en,clean,Visiting Ratargul Swamp Forest is truly a unique experience that feels like stepping into another world. Since it is one of the very few freshwater swamp forests in the world—and the only one in Bangladesh—the immersion into nature is unparalleled.,rtrgl sbmp frst
Ci9DQUlRQUNvZENodHljRjlvT2tsMFdqRTFhV1Y1TjBWUlVtUldjRlJHU2tZeGIwRRAB,en,1.0,lid,en,clean,Great place. Try visiting in June-August (Monsoon season) and bring your student id card if you are student. Try to be aware from scams.,rtrgl sbmp frst
Ci9DQUlRQUNvZENodHljRjlvT21kS2NWaG5WWEpQVW1wNU1YSkxPV2N4WjNvd2VIYxAB,en,1.0,lid,en,clean,"Ratargul Swamp Forest is truly one of the most unique and magical places I’ve ever visited in Sylhet. Known as the only freshwater swamp forest in Bangladesh, this place feels like stepping into a different world. The calm water, tall trees half-submerged, and the peaceful silence all around create an unforgettable experience. The best way to explore Ratargul is by boat. As the boat moves slowly through the flooded forest, you can hear birds chirping, water rippling, and leaves brushing against the surface — it’s pure tranquility. The green reflections on the water make it look like a scene from a movie. During the monsoon season, when the water level rises, the forest becomes even more alive and beautiful. Boatmen there are friendly and act as local guides, sharing stories about the forest and its wildlife. There’s also a watchtower nearby from where you can get a stunning view of the whole swamp area. Ratargul doesn’t have many shops or restaurants, so it’s best to carry your essentials. But honestly, the peaceful natural beauty here makes it worth every moment. If you love nature, photography, or quiet adventures, Ratargul Swamp Forest should definitely be on your travel list. 🌿🛶",rtrgl sbmp frst
Ci9DQUlRQUNvZENodHljRjlvT21SSVoybEdkbGwxZFZVeGJtRmlhMjAwTVVoVmFGRRAB,en,1.0,lid,en,clean,"This place is great on rainy season,the water level is much higher in rainy season,but if u come in another seasons then you will get some of the places is dry but still enjoyable!",rtrgl sbmp frst
Ci9DQUlRQUNvZENodHljRjlvT2sxV1NIazNXbFY2YURCSlR6bDVZWFJ2V2pnellXYxAB,en,1.0,lid,en,clean,"Saint Martin's Island is the only coral island of Bangladesh,only 3 sq km, it is 9 km from Cox’s Bazar -Teknaf peninsula. This island might be an ideal place for environmental scientists to study biological diversity, mainly corals,lagoon, mangrove and different species of fishes,birds,turtles, weeds etc.Tourists are interested for the a sea cruise from Cox's Bazar or Naf river cruise from mainland to the island,blue sea water,white sand beach & fresh sea fish. The Bangladesh government has restricted the visit to protect the Island's environment. The inhabitants live on fishing & limited seasonal crops. There are a few hotels to stay at night but electricity is limited. Tourists should take prior permission, usually done by travel agents, to go to the Island.",snt mrtns islnd
Ci9DQUlRQUNvZENodHljRjlvT2pJMGNWYzJTemREUld4R1JXVklNbHBYVm1sdlJIYxAB,en,1.0,lid,en,clean,"I love Saint Martin’s Island. It is truly one of the most beautiful places in Bangladesh. The clear blue water, peaceful environment, and natural beauty make it a perfect destination for travelers. Without any doubt, it is a must-visit place for anyone who loves the sea and nature.",snt mrtns islnd
Ci9DQUlRQUNvZENodHljRjlvT2xZeVZHUjNVMWhrVjJzdFRGcGtXRFZGVW0xVU0xRRAB,en,1.0,lid,en,clean,"Saint Martin's Island is Bangladesh's only coral reef island, a small 8 sq km, picturesque destination in the Bay of Bengal known as ""Narikel Jinjira"" (Coconut Island). Famous for crystal blue water, white sand beaches, and coral reefs, it is a popular spot for snorkeling and relaxation, with tourism peaking between November and February.",snt mrtns islnd
Ci9DQUlRQUNvZENodHljRjlvT2twVlpWZFVWMmxGVWpOUUxVSlNZbVJrUkMxbGQxRRAB,en,1.0,lid,en,clean,"The Struggle: Getting a ticket was like a mission! With only 2,000 people allowed and a 6-hour boat ride from Cox’s Bazar, it wasn't easy—but we made it. The Food: Hands down the best part. We had fresh Koral, Rupchanda, and Tuna. The local fish fry at the market is a 10/10. The Fun: We spent our days cycling on the sand, swimming in the blue water, and playing beach football. We even explored the old ships on the shore and made great new friends. Chera Dwip: A must-visit! We biked there, took in the views, and bought some dry fish (Shutki) to take home. The Night: Total magic. The beach is quiet, the wind is cold, and the sky is full of stars. It’s the perfect place to just sit and relax.",snt mrtns islnd
Ci9DQUlRQUNvZENodHljRjlvT2tScE9UUkpaRGxuWkdvelUwMHlZbXh5V1ROdVRWRRAB,en,1.0,lid,en,clean,"Crystal clear Blue Water, coral beach, Ocean breeze, roaring of the sea! Saint Martin it is!! The sunrise makes you energetic, the eye soothing sunset makes you calm and peaceful, Saint Martin it is!! Amazing place, most beautiful gift for Bangladesh from Allah. Everyone should visit Saint Martin!",snt mrtns islnd
Ci9DQUlRQUNvZENodHljRjlvT25ONkxVRk9VR0ZHVDNCeVNuUk5kRlp6VVZwdGRVRRAB,en,1.0,lid,en,clean,"Saint Martin is a beautiful island with clear blue water and a calm, relaxing atmosphere. The beach views are stunning, especially during sunrise and sunset. Life here feels slow and simple, which makes the experience refreshing. A great place for anyone who loves the sea, nature, and peaceful moments.",snt mrtns islnd
Ci9DQUlRQUNvZENodHljRjlvT2xob1dYZE1RWE0wWVRaMFJqQm9XVzlXUlRCSFNtYxAB,en,,short-text,en,clean,Saint Martin Island has it’s own unmatched beauty,snt mrtns islnd
ChZDSUhNMG9nS0VJQ0FnSUN2dmUzYlZBEAE,en,1.0,lid,en,clean,The saint martine beach is a beautiful place. The sand is soft and warm. The water is cool and refreshing. The sun shines brightly. It is a perfect place to relax and enjoy the beauty of nature. Best place in Bangladesh.,snt mrtns islnd
Ci9DQUlRQUNvZENodHljRjlvT2s4MWJVZG9VVkp2ZEVWRVVrMU1UbGN6UVRWc1VuYxAB,en,1.0,lid,en,clean,"Outstanding, Saint Martin Island is absolutely beautiful & Chira Dip is so nice 💯. Saint Martin Island, Bangladesh's only coral island, captivates with its pristine beaches and clear waters, while Chhera Dwip (often called Chira Dip locally) offers a serene, tide-connected extension perfect for shell collecting and relaxation. Both spots highlight the Bay of Bengal's beauty near Cox's Bazar.",snt mrtns islnd
ChdDSUhNMG9nS0VJQ0FnTURRNm9tTXJBRRAB,en,1.0,lid,en,clean,"Saint Martin's Island in Bangladesh is a serene tropical paradise offering crystal-clear waters, stunning coral reefs, and vibrant marine life. It's an ideal getaway for nature lovers and those seeking peace. Though small, it provides a unique opportunity to experience natural beauty, with clean beaches and local seafood delicacies. However, the island's infrastructure could be improved for better tourism experiences. Nonetheless, Saint Martin's remains a must-visit destination for those seeking a quiet retreat.",snt mrtns islnd
Ci9DQUlRQUNvZENodHljRjlvT25sUE5YTk5ZMk56VTBZNFYwOUZaRXh3Tm5kaVEyYxAB,en,1.0,lid,en,clean,"Ratargul is a natural swamp forest in Bangladesh. It is one of the most beautiful places I have ever visited. The forest is covered with magnificent Hijol trees spread all over the area. It is a highly enjoyable destination where family gatherings and friends' tours can be organized and cherished. I believe there is great potential to further develop and beautify this area through proper planning. Modern facilities, infrastructural improvements, and strong measures for safety and security should be ensured for nature-loving visitors. I visited Ratargul as a participant in a tour organized by Bangladesh Jamaat-e-Islami, Dhaka Metropolitan North. During the trip, I found the transportation arrangements, food, and security measures to be satisfactory and well managed. Abdul Gaffar Al Farabi.",rtrgl sbmp frst
Ci9DQUlRQUNvZENodHljRjlvT2sxalQydFliV1ZuY21ZMVJGaG5TMGwyWTJaamFVRRAB,en,1.0,lid,en,clean,definitely this place is awesome. but travel medium that means the boat and the entry free is a too much high and this is a Syndicate and it should be eradicate from that place not only that if you want to take paid cameraman then you have to aware of your picture.,rtrgl sbmp frst
Ci9DQUlRQUNvZENodHljRjlvT2taMlZuQllOekJ6TURaTlIxQlZWWEo1VGpJMk1FRRAB,en,1.0,lid,en,clean,"I had a wonderful boat ride, like to spot hundreslds of winter visitor Siberian cranes while entering the forest. My foreign tourists were so excited to see many birds.",rtrgl sbmp frst
Ci9DQUlRQUNvZENodHljRjlvT21SeU1qQmZWMWRZVUZOQlNGVjRSakpSYm14eWVsRRAB,en,1.0,lid,en,clean,"Ratargul Swamp Forest is truly one of the most beautiful and unique places in Bangladesh. Often called the “Amazon of Bangladesh,” it offers a calm and breathtaking escape into nature. The journey through the still waters surrounded by tall trees feels magical — especially during the rainy season when the forest is fully submerged. The boat ride is peaceful, and the reflection of the trees on the clear water creates an almost dreamlike atmosphere. The watchtower gives a stunning aerial view of the entire forest, perfect for photos and quiet moments. Local boatmen are friendly and knowledgeable, sharing stories about the forest and its wildlife. It’s best to visit early in the morning for a serene experience, avoiding the crowd and heat.",rtrgl sbmp frst
Ci9DQUlRQUNvZENodHljRjlvT2pOMk9IUnhaamxrY1VsellqQnVVa1ZWV2xoT1dHYxAB,en,1.0,lid,en,clean,"Those who love silence u will love Ratargul. Some people visit with sound box, speakers to ruin the silence of nature. Its very disgusting to the local people even. They don't like these chaotic groups here. Its a place of full silence. You can take umbrealla or hat in rent.",rtrgl sbmp frst
Ci9DQUlRQUNvZENodHljRjlvT25GZk1IcGFZMVpFU1VsdWExTnliMFZVWkhOS2RIYxAB,en,1.0,lid,en,clean,Great place to visit. Wonderful experience on a boat to explore the swamp forest! Note: But you need to bargain for the boat price. Around 1k-1.5k will be in range.,rtrgl sbmp frst
Ci9DQUlRQUNvZENodHljRjlvT2prNE0zYzFPRTl0ZFc1UWMwOWtXRzFVYzBSUmRsRRAB,en,1.0,lid,en,clean,"Ratargul Swamp Forest is truly the ""Amazon of Bangladesh"" and visiting this place was an unforgettable experience. Located in Sylhet, it is one of the few freshwater swamp forests in the world, and its natural beauty is simply breathtaking. The best time to visit is definitely during the monsoon season when the water level is high, and the trees are partially submerged, creating a mysterious and serene atmosphere. The boat ride through the narrow channels of the forest is the main highlight. As you glide silently through the emerald green water, surrounded by Koroch and Hijol trees, you feel a deep connection with nature. The reflection of the trees on the still water creates a mirror-like effect that is a paradise for photographers. I spent a lot of time capturing the play of light and shadow through the dense leaves. There is also a watchtower inside the forest that offers a stunning panoramic view of the entire swamp area. From the top, the vast greenery against the backdrop of the distant hills is a sight to behold. However, visitors should be mindful of the environment and avoid throwing plastic or making loud noises, as it is a sensitive ecosystem. The local boatmen are very skilled and often share interesting stories about the forest and its wildlife. If you are a nature lover or a photography enthusiast visiting Sylhet, Ratargul should be at the top of your travel list. It is a peaceful escape from the hustle and bustle of city life.",rtrgl sbmp frst
Ci9DQUlRQUNvZENodHljRjlvT2xab1VUVnJSekZ4TW1oeU1rZ3hPRWR5V0VSaWEzYxAB,en,1.0,lid,en,clean,"Even the beauty of October amazes me! I will definitely return to experience the splendor of the rainy season. Whenever you board the boat, ask the boatman whether he can sing🌹",rtrgl sbmp frst
Ci9DQUlRQUNvZENodHljRjlvT2pKM04yNVFjbFZZWjFoSFNEbGxaRUo2TkVwQ05sRRAB,en,1.0,lid,en,clean,"It's the country's only freshwater swamp forest. During our visit in this rainy season, the water level was high enough to reach till the boat ghat. The color of the water was far better than we anticipated, and the trees were submerged perfectly. During the dry season, it is possible to walk some distance, which gives a different vibe. The watch tower was temporarily closed at the time, so we couldn't get an aerial view. We booked a CNG from Sylhet, but the roads were too uneven and muddy, which forced us to exit the vehicle multiple times.",rtrgl sbmp frst
ChdDSUhNMG9nS0VMZkR3ZVdpbUtIS3hBRRAB,en,1.0,lid,en,clean,"I visited Ratargul Swamp Forest, and wow, it was incredible! Being in the boat among those submerged trees felt like stepping into another world, almost like a mini Amazon. It was such a unique and beautiful experience, especially with all the water in June.",rtrgl sbmp frst
Ci9DQUlRQUNvZENodHljRjlvT2tkQldWOWtaRVJLVERCdlIxcEJPV1F0WkZjM04xRRAB,en,1.0,lid,en,clean,"I visited Saint Martin’s Island at the end of 2020, during the first week of November, and the experience still feels fresh in my heart. Due to the lockdown, ships weren't running, so we traveled both ways on a big boat and honestly, that made the journey even more raw and memorable. From the moment I arrived, everything felt magical, the crystal-clear blue water, the golden sunset, the calming breeze, and the endless flow of waves at night. That peaceful sound under the moonlight? It’s something you can’t describe, only feel deep within. I stayed for two nights, and though I don’t remember the exact name of the place, the whole island felt like a home far away from the world. I tried several local seafood dishes, salmon fish fry with bread and crispy fried crabs were my absolute favorites. Every bite added to the joy of the trip. There were so many little moments, walking barefoot on the beach, watching the sun slowly rise over the horizon, feeling the sand between my toes that I still carry with me. It's more than just a travel destination; it’s a place where you leave a piece of your soul behind. I will surely return someday, InShaaAllah. And if anyone ever asks me for a place to experience peace, beauty, and unforgettable memories, Saint Martin’s Island will be my first recommendation...",snt mrtns islnd
ChZDSUhNMG9nS0VNRF91dUx5amUzbUd3EAE,en,1.0,lid,en,clean,"Great place to visit. We went there as a group. Quieter and peaceful than Cox’s Bazar. Did biking, Honda riding, went to the barbecue shop at night, the food was great. Also, we hired few local singers and had a fun time with them. Will visit again 😊",snt mrtns islnd
ChdDSUhNMG9nS0VJQ0FnSUQzdGJ1QWl3RRAB,en,1.0,lid,en,clean,"Saint Martin’s Island is Bangladesh’s only coral island, famous for clear water, sandy beaches, and fresh seafood. It’s small, peaceful, and perfect for a getaway, but it needs care to protect its fragile ecosystem.",snt mrtns islnd
ChdDSUhNMG9nS0VQalIxS3lEdElXcHpRRRAB,en,1.0,lid,en,clean,"Alhamdulillah, Saint Martin Island is so beautiful and a blessing for us. The water at the beach is crystal clear. I took a cycle on rent in the morning and it was a great experience to ride the cycle around the beach. However, the cycling is bit difficult in Saint Martin owing to sandy beach.",snt mrtns islnd
ChdDSUhNMG9nS0VJQ0FnTURJNjY3MDV3RRAB,en,1.0,lid,en,clean,The great Island of Bangladesh & last land Part of Bangladesh. The scenery of the island is serene. There are beaches all around the island & lots of resorts & hotel to stay. The evening sun set scene is like from another world. Sea foods are must eat. People can also travel to Chera dip from here. Noramally ships operate from Nov - Mar & this is the tourist window,snt mrtns islnd
ChdDSUhNMG9nS0VJQ0FnSUNma3JfRS1RRRAB,en,1.0,lid,en,clean,"I visited twice in this island. Blue sea and attractive corals are the unique landmarks of this island. West beach is more beautiful than east because of waves and corals. At the last point of this island is cheradip. Many beautiful resorts and hotels are located in all over the island. In the middle of the island there is a 20bed hospital. Another name of this island is Narikelijinjira, Daruchinidip.",snt mrtns islnd
ChdDSUhNMG9nS0VJQ0FnSUR2a09henBBRRAB,en,1.0,lid,en,clean,"I believe it is one of the most amazing places in southernmost Bangladesh. This is the only coral island in our country. The blue water, coral, the greenery, the beaches, the sunset, full moon 🌕 🌕 🌕 🌕 everything is going to amaze you. Only one drawback is, unavailability of good quality hotels/resorts, food and over all tourism management of the host. Other than that it will make you feel like heaven on earth.",snt mrtns islnd
ChdDSUhNMG9nS0VJQ0FnSURfM2NYZTRRRRAB,en,1.0,lid,en,clean,"Saint Martin Island Review Saint Martin Island, the only coral island in Bangladesh, is a small yet stunning tropical paradise. Known for its pristine beaches, crystal-clear waters, and vibrant marine life, it’s a must-visit destination for nature lovers and adventure seekers. Highlights: 1. Natural Beauty: The turquoise water, white sandy beaches, and coral reefs create a breathtaking environment perfect for relaxation and photography. 2. Marine Life: The island offers opportunities for snorkeling, allowing visitors to explore its colorful underwater world. 3. Sunrise and Sunset: The views during sunrise and sunset are magical, making it a favorite spot for photographers. 4. Local Cuisine: Fresh seafood, particularly lobster, crab, and various fish dishes, is widely available and highly recommended. Things to Do: • Snorkeling and Scuba Diving: Explore the coral reefs and marine life. • Boating to Chera Dwip: Visit the small, picturesque island near Saint Martin. • Beach Walks: Enjoy peaceful walks along the shore. • Stargazing: The island’s remote location provides a clear view of the night sky. Pros: • Serene environment, far from the hustle and bustle of city life. • Friendly locals and delicious food options. • Affordable accommodation and food. Cons: • Limited electricity, as power is usually available only at night. • Overcrowding during peak tourist season. • Environmental concerns due to excessive tourism and waste management issues. Tips: • Visit during the off-peak season for a quieter experience. • Respect the environment; avoid littering and damaging coral reefs. • Bring cash, as there are no ATMs on the island. Overall Rating: 5/5 Saint Martin Island offers a unique experience with its natural beauty and tranquil vibes. However, visitors should be mindful of preserving its fragile ecosystem while enjoying the island’s charm.",snt mrtns islnd
ChZDSUhNMG9nS0VJQ0FnTURnbUpMellBEAE,en,1.0,lid,en,clean,"Saint Martin’s Island, the only coral island in Bangladesh, is a breathtaking destination for travelers seeking natural beauty, tranquility, and adventure. My visit to this picturesque island was an unforgettable experience, and I highly recommend it to anyone looking to explore Bangladesh’s coastal charm. Scenic Beauty & Atmosphere The island boasts crystal-clear blue waters, pristine sandy beaches, and unique coral formations. During my stay, I witnessed mesmerizing sunrises and sunsets that painted the sky with stunning hues of orange and pink. The gentle sea breeze and rhythmic sound of waves create a peaceful and relaxing atmosphere, making it a perfect getaway from city life. Things to Do Saint Martin’s Island offers various activities for nature lovers and adventure seekers. Exploring the rocky shores, collecting colorful corals (without harming nature), and walking along the beach at low tide are fascinating experiences. Snorkeling and scuba diving are popular among visitors, allowing a closer look at the vibrant marine life. Boat rides to Chera Dwip, a small extension of the island, provide another breathtaking view of the turquoise sea and diverse sea life. Food & Hospitality The island is famous for its fresh seafood, particularly locally caught lobsters, crabs, and fish. Beachside restaurants serve delicious traditional Bengali dishes, and the hospitality of the locals adds warmth to the experience. However, since the island relies on solar power, electricity is limited at night, so it’s best to be prepared for a rustic island experience. Tips for Travelers The best time to visit is between November and March when the weather is pleasant. Bring cash, as there are no ATMs on the island. Respect nature by not littering and avoiding damage to the coral reefs. Overall, my trip to Saint Martin’s Island was truly magical. If you love nature, serenity, and adventure, this island should definitely be on your travel list!",snt mrtns islnd
ChdDSUhNMG9nS0VJQ0FnSUNmZ2Jmd2hnRRAB,en,1.0,lid,en,clean,"St. Martin's Island is a small, picturesque island located in the northeastern part of the Bay of Bengal, near the southernmost tip of Bangladesh. It is renowned for its natural beauty, coral reefs, and tranquil beaches. Here’s an overview of the island: Geography Location: Approximately 9 kilometers south of the Cox's Bazar-Teknaf peninsula and about 8 kilometers west of Myanmar's coast. Size: Around 8 square kilometers, shrinking to about 5 square kilometers during high tide. Coral Island: St. Martin's is the only coral island in Bangladesh, featuring both living and fossilized coral. Name Locally known as ""Narikel Jinjira"", meaning ""Coconut Island,"" due to the abundance of coconut trees. Also called ""Daruchini Dwip"", which translates to ""Cinnamon Island,"" reflecting its idyllic charm. Tourism The island is a popular tourist destination for both domestic and international visitors. Key attractions include: Beaches: White sandy beaches ideal for relaxation and photography. Coral Reefs: Shallow waters with colorful corals and marine life, making it a great spot for snorkeling and scuba diving. Chhera Dwip: A small islet separated from the main island, accessible during low tide. Biodiversity Rich in marine biodiversity, including corals, sea turtles, and fish. The surrounding waters are a habitat for endangered species like the olive ridley sea turtle. Efforts are ongoing to preserve the fragile ecosystem. Culture and Economy The island has a small population, primarily dependent on fishing, farming, and tourism. Fresh seafood, especially lobsters and various types of fish, is a highlight for visitors. Accessibility Reached by ferries or boats from Teknaf, a mainland town in Bangladesh. Or Coxbazar, Noniacori by the sheeps. Best visited during the dry season (November to March) to avoid monsoon weather. Environmental Concerns Over-tourism, pollution, and coral damage are significant challenges. Conservation efforts aim to protect the island's delicate ecosystem while promoting sustainable tourism.",snt mrtns islnd
Ci9DQUlRQUNvZENodHljRjlvT2tGT0xVazVPRTluWW5CTWF6aFpXblZ2ZWpsMmFsRRAB,en,1.0,lid,en,clean,"Panam Nagar is a historic ancient city located in Sonargaon, Narayanganj District, Bangladesh. It is also known as the ""Lost City"". The history of Sonargaon dates back to the 13th century, when it was the capital of Bengal. Very close to it is the Bangladesh Folk and Crafts Foundation (Sonargaon Museum). It is one of the most popular places for history buffs and travelers. Its dilapidated but beautiful buildings are very nice for taking pictures.",pnm ct
Ci9DQUlRQUNvZENodHljRjlvT25ReFZsQk9OM0l4U0V3NUxUSkxhek10VUZGNWVFRRAB,en,1.0,lid,en,clean,"This place never gets old. The historic Panam City in Sonargaon holds a rich heritage and fascinating history. If you want to spend some beautiful and memorable time, this is definitely a place worth visiting. However, the overall experience could be much better with proper maintenance from the authorities, as the beauty of this historic site is gradually fading. There are still no quality restaurants nearby, the washrooms are not clean enough, and parking remains a major issue. Visitors should also stay careful, as the locals are not always very friendly.",pnm ct
Ci9DQUlRQUNvZENodHljRjlvT2xOdlVVMXBNRzVXYmpOaVlscGFNMGRVUzFkME4zYxAB,en,1.0,lid,en,clean,A hauntingly beautiful ghost town. Walking down the single 600-meter street of Panam Nagar feels like stepping back into the 19th century. The 52 abandoned mansions blend Mughal and British colonial architecture with incredible detail. It’s a must-visit for anyone interested in Bengal's merchant history.,pnm ct
Ci9DQUlRQUNvZENodHljRjlvT21kT1ptaFlVMmxwYTE5aFpHMU9UMVJRYm5aRVMyYxAB,en,1.0,lid,en,clean,"Nice place to explore the rich and ancient history of Bangladesh from 13th century. Every single archaeological remains bear witness of the Bengal's architectural, cultural and historical elegance that was once admired throughout the world. Those who love exploring history and ancient architectures, this is a must visit site, just an hour from Dhaka.",pnm ct
Ci9DQUlRQUNvZENodHljRjlvT2pZMFYwTkxkMjFrUWt4TGVUTnRUbTQ0U2kxalozYxAB,en,1.0,lid,en,clean,"alking through the ancient, ghost-like streets of Panam Nagar feels like stepping directly into a beautifully preserved capsule of time. Located in Sonargaon, this abandoned 19th-century merchant town consists of around 52 surviving, interconnected mansions that once belonged to wealthy Hindu cloth merchants, now draped in vines and moss to create a hauntingly serene ""lost city"" aura. The architecture is a fascinating, eclectic fusion where European colonial elements—like Corinthian columns and grand arches—blend seamlessly with traditional Indo-Islamic layouts and intricate local brickwork, making it an absolute paradise for photography enthusiasts. Perfect for a quick day trip, a walk down this historic 600-meter street is best paired with a visit to the nearby Sonargaon Folk-Arts & Crafts Museum to fully soak in the region's rich heritage.",pnm ct
Ci9DQUlRQUNvZENodHljRjlvT2kxaVduRmFlSEV5TmtOclIydDRUVEZGY2w5WGJtYxAB,en,1.0,lid,en,clean,"Panam City is a historic urban area famous for its well-preserved architecture from the 18th and 19th centuries. Once a thriving trade and residential hub, it now serves as a living museum showcasing colonial-era houses, narrow streets, and traditional brick structures. Walking through Panam City gives a strong sense of Bangladesh’s rich history and cultural heritage. While some areas are well-maintained, others show signs of decay, so guided visits or local knowledge can enhance the experience. Overall: A must-visit for history and architecture enthusiasts, offering a glimpse into the lifestyle and urban planning of a bygone era.",pnm ct
Ci9DQUlRQUNvZENodHljRjlvT2xoblp6UnpjME5EVW5wdlEzTnFjRWw2ZVV0aVEzYxAB,en,1.0,lid,en,clean,Awesome. The ancient history was very rich and wonderful. Specially the Entry gate and Sardar Bari (সর্দার বাড়ি in Bengali) was really attractive.,pnm ct
Ci9DQUlRQUNvZENodHljRjlvT21WRlRHaElWa2xXTm5scGNDMXdTbFF5ZVY5eVJVRRAB,en,1.0,lid,en,clean,"A Immersive walk through history! Panam City is a hidden gem in Narayanganj that truly captures the rich heritage of Bengal. It is fascinating to see the 52 abandoned merchant houses that blend European and Mughal architecture. Standing here, you can feel the history of Sonargaon, the ancient capital, and the legacy of the Baro-Bhuyans. It’s a 'lost city' that reminds us of the golden era of the Muslin trade. Highly recommended for anyone who wants to connect with our roots.",pnm ct
Ci9DQUlRQUNvZENodHljRjlvT25CSlZuUlNRVmxWYXpaSllrZzFjazkxTUU5ZlNGRRAB,en,1.0,lid,en,clean,"Visited Panam City on our picnic after exploring Sonargaon Museum, and it was an amazing experience. The old historic buildings, long streets, and quiet atmosphere make the place feel like a step back in time. It’s a great spot for walking, taking photos, and learning about history with friends. Perfect addition to a university picnic and a must-visit place near Sonargaon.",pnm ct
Ci9DQUlRQUNvZENodHljRjlvT25WTFJVZExMVGxwVlhwVVJUWlVkVEpwUjFVeGNWRRAB,en,1.0,lid,en,clean,"Excellent heritage location, suitable for a day trip. Before you leave, take a look at the holidays. Use Sodesh Poribahan from Gulistan to go easily.",pnm ct
Ci9DQUlRQUNvZENodHljRjlvT2tOdVZrbFpSRzkxZEdaTGMwUXRPSGhCTlRkcE5YYxAB,en,1.0,lid,en,clean,"Panam City, located in Sonargaon near Dhaka, is one of the most fascinating historical heritage sites in Bangladesh. The abandoned city features a row of beautiful 19th-century colonial-style buildings that once belonged to wealthy Hindu merchants. Walking through the quiet, narrow street feels like stepping back in time — the architecture, broken windows, and fading walls tell stories of the past.",pnm ct
Ci9DQUlRQUNvZENodHljRjlvT2xsUVFqZFpYMEZSVFZsSFVrWmZWSGxtTm5OMWNWRRAB,en,1.0,lid,en,clean,"Hidden in the quiet heart of Sonargaon, the ghostly ruins of Panam Nagar whisper stories of wealth, beauty, and time’s unrelenting march. Once a bustling neighborhood of affluent Hindu merchants, Panam Nagar flourished during the 19th century, when Sonargaon was a vibrant center for the cotton and muslin trade. Its narrow street—just 600 meters long—was lined with 52 elegant townhouses, each built with pride, adorned with intricate details, and filled with the laughter of families who traded in Bengal’s most prized fabrics. But history had other plans. Following the partition of India in 1947 and the communal unrest of 1964, the residents fled, leaving behind their grand homes to the embrace of silence. Over the decades, nature crept in through broken windows, vines wrapped around archways, and dust settled on once-bright walls. What remains today is a hauntingly beautiful ""ghost town""—a living museum of brick, wood, and memory. Walking through Panam Nagar is like stepping into another era. The houses blend Mughal grace, British colonial elegance, and local Bengali artistry. Some feature ornate verandas, ogee-shaped windows, and decorative parapets, while others hide courtyards where families once gathered. You can still trace the craftsmanship in the carved woodwork, iron railings, and the delicate chinitikri mosaics made from fragments of broken china. Each building tells a different story—of prosperity, of artistry, and of quiet abandonment. Today, Panam Nagar is protected as an archaeological site, attracting travelers, photographers, and dreamers alike. It’s easily reached from Dhaka, and many visitors pair it with a stop at the nearby Sonargaon Folk Art and Craft Museum. As you stroll down its weathered street, flanked by empty yet dignified mansions, you can almost hear the echoes of merchants calling, the creak of wooden shutters, and the faint hum of a city that once thrived — a poignant reminder that even in ruin, beauty endures.",pnm ct
Ci9DQUlRQUNvZENodHljRjlvT2s1d1ltTXdjMUZ1VWxSZlUzVlhlVUUyTlVONVdYYxAB,en,1.0,lid,en,clean,"Panam City, also known as Panam Nagar, is a historic and nearly abandoned town located in Sonargaon Upazila, Narayanganj District, Bangladesh. Panam City is a hauntingly beautiful remnant of history — walking down its narrow street feels like stepping back in time. It’s not just about old buildings: it’s about the story of trade, colonial wealth, and cultural shifts. Even in its decay, there’s a powerful sense of “ once was.” For anyone interested in heritage, architecture, or Bengali history, Panam Nagar is a must-see.",pnm ct
Ci9DQUlRQUNvZENodHljRjlvT2psSE5rRnRXbTVUYUdaWVJGOXdlbVpzU0c0eWJuYxAB,en,1.0,lid,en,clean,"Panam City in Narayanganj is a timeless treasure that whispers stories of Bengal’s glorious past. Walking through its narrow lanes feels like stepping into history lined with centuries-old colonial buildings adorned with intricate carvings and fading elegance. The Panam Nagar Museum adds depth to the experience, showcasing artifacts that bring the city’s rich heritage to life. Every brick, balcony, and doorway echoes the charm of a bygone era. Surrounded by lush greenery and tranquil ponds, Panam City is a dream for photographers and history lovers alike a hauntingly beautiful blend of decay, culture, and nostalgia frozen in time.",pnm ct
ChdDSUhNMG9nS0VJQ0FnTUNvNmFDVmpnRRAB,en,1.0,lid,en,clean,"Panam City, also known as Panam Nagar, is a historic gem located in Sonargaon, Narayanganj, Bangladesh. This ancient city, offers a thrilling journey through time with its rich blend of Mughal, British colonial, and indigenous architectural styles. Walking through its narrow lanes, flanked by dilapidated yet majestic structures, evokes a sense of wonder and nostalgia, making it a must-visit for history enthusiasts and adventurers alike. The city's enduring charm lies in its ability to transport visitors to a bygone era, offering a thrilling glimpse into the cultural and historical legacy of Bengal.",pnm ct
Ci9DQUlRQUNvZENodHljRjlvT2t0RE9GZFpSM2cwYVZOTFdFRkhPSHBVWjE5cExWRRAB,en,1.0,lid,en,clean,"This place is a historical place in Sonargaon,Narayanganj called PanamNagar or Panam City.It's best for Picnic and Study Tour.",pnm ct
Ci9DQUlRQUNvZENodHljRjlvT2taNGFtNVFiRUZTVkVGNU1tWnVZbEp2WVY4elZHYxAB,en,1.0,lid,en,clean,"Panam City is a hauntingly beautiful ancient town that takes you back to the early 19th century. The narrow streets lined with old, grand buildings reflect the wealthy lifestyle of the past merchants. It is one of the most well-preserved historical sites in Bangladesh. Walking through these ruins feels like traveling through time. A perfect spot for history buffs and photographers.",pnm ct
ChZDSUhNMG9nS0VJQ0FnTURvbUtxaEtBEAE,en,1.0,lid,en,clean,"Panam City (Panam Nagar) is popularly known among Bangladeshis as the ""Lost City."" This historic city is located in Sonargaon Upazila of Narayanganj District, near Dhaka. In the 15th century, Isa Khan established the first capital of Bengal in Sonargaon. Spanning an area of about 20 square kilometers, Panam City developed in this region. In 2006, Panam City was listed among the world’s 100 most endangered historic sites by the World Monuments Fund. Panam City is surrounded on all sides by the Pankhiraj Canal, which flows into the Meghna River under the name Menikhali. To the east of Panam lies the Meghna River, and to the west, the Shitalakshya River. These waterways were historically used for the export of muslin fabric. At the entrance of Panam City stands a large gate, which used to be closed at sunset. Even today, no visitors are allowed to stay inside Panam City after dusk. The architectural styles of various structures in Panam City reflect diversity. Every building in this city, once home to the affluent class, showcases exquisite craftsmanship and elegance. Along both sides of the main road that runs through the heart of the city, there are about 52 buildings—31 on the north side and 21 on the south side. Some of these structures are single-storied, while others are two or three stories high. In addition to residential buildings, Panam City also features mosques, churches, temples, monasteries, dance halls, art galleries, inns, treasury offices, royal courtrooms, ancient museums, bathhouses, and secret passages. Notably, the 400-year-old mint house and an indigo factory built by the East India Company are also located here.",pnm ct
Ci9DQUlRQUNvZENodHljRjlvT2xaMmNUTkNXR05FY25KclQydzRNRTgzTXpocFNuYxAB,en,1.0,lid,en,clean,"Panam Nagari (Panam City) is an ancient historic city located in Sonargaon, Narayanganj, Bangladesh. It was established around the 13th–14th century when Sonargaon was the capital of Bengal under the Sultanate rulers. The city flourished during the 16th century as a major trading and administrative center under the Bengal Sultanate and later the Mughals. It was famous for its muslin trade and wealthy merchants who built the beautiful brick and terracotta buildings still seen today. The city declined in the 19th century due to the shift of trade to other areas and British colonial changes. Today, Panam Nagari stands as a protected archaeological site showcasing Bengal’s rich urban and architectural heritage.",pnm ct
Ci9DQUlRQUNvZENodHljRjlvT25GYWNVVkhVeTEwVWtkaWVUVmxZVmxQY3pKQmNtYxAB,en,1.0,lid,en,clean,"Panam Nagar or ancient Painam City, is a deserted city located 40 kilometres east of Dhaka in Sonargaon. This city is a very significant cultural heritage site in Bengal, as it was part of the old capital and the only remaining intact city of ancient Bengal. But there are no proper documents or historical records that explain what each building was used for. Most of the buildings are fragile and in a vulnerable condition now. Bangladesh's climate has made the buildings suffer from heavy rainfall, flood as the buildings are mostly made of bricks and wood. Panam Nagar was born by Hindu cloth traders who built their homes using a mix of Indo-European styles that showed the social and economic status and way of life of merchants and the elite class during the British colonial era. Originally, Panam Street had 90 buildings, a mixture of single- and three-story buildings. The site contains 49 buildings on both sides of a road established in the late 19th century by rich local Hindu traders (Sahas and Poddars). Panam City is now a protected Heritage site under the department of archaeology of Bangladesh. This ancient city was visited and described by various historic travellers, including Ma Huan, Ibn Battuta, Ralph Fitch and Niccolò de’ Conti, as a thriving centre of trade and commerce. The picturesque stucco-decorated array of ruined houses of Panam Nagar has nothing to do with the very few surviving pre-Mughal and Mughal monuments scattered around this area. Yet, the superb architecture of Panam is regularly visited by many tourists on the wrongly assumpted are ruins of the ancient capital city of Sonargaon. About a kilometer long tiny Panam township is confined within a moat and is approached through an old camel-back culvert. About 49 charming one to three-storeyed buildings are overlooked on either side of the east-west street. This eerie city is standing amidst Bangladesh’s low-lying green crop terrain and are many hidden multi-storeyed dwellings and tall-spired temples beyond the enclosed area. The Panam Nagar started to come into an abundance through large-scale political and religious violence, and riots have periodically arisen between 1947 to 1971. The actual Hindu owners fled to India or elsewhere in several phases, leaving their properties behind. The first phase happened during the Bengal partition by the British in 1947, the second and significant one in 1965 during India and Pakistan war. Finally, the last few remaining communities have left during the Bangladesh liberation war in 1971. Since then, the silent city’s monuments suffered from illegal occupation several times by local poor Hindu, Muslim families and so on. The Department of Archaeology took final control of the whole area and locked down all building in 2015.",pnm ct
Ci9DQUlRQUNvZENodHljRjlvT21RMFoydFhRMHRRVFZkTE1tVnBRWFZ2VG1wM1EzYxAB,en,1.0,lid,en,clean,"Sixty Dome Mosque (Shat Gombuj Masjid), Bagerhat I recently visited the magnificent Sixty Dome Mosque, and it was truly one of the most memorable historical and cultural experiences I have had in Bangladesh. Built in the 15th century by Khan Jahan Ali, this architectural masterpiece is part of the Historic Mosque City of Bagerhat, a UNESCO World Heritage Site. The mosque's impressive brick architecture, massive structure, and beautifully arranged domes create a unique atmosphere that reflects the rich heritage of the Bengal Sultanate period. Despite being known as the ""Sixty Dome Mosque,"" the structure actually contains more domes and is supported by numerous stone pillars, making it one of the finest examples of medieval Islamic architecture in South Asia. What impressed me most was the peaceful environment surrounding the mosque. The well-maintained grounds, open green spaces, and historical ambiance make visitors feel connected to centuries of history. Walking through the mosque and observing the intricate architectural details was both inspiring and educational. The site is perfect for history enthusiasts, photographers, architecture lovers, and anyone seeking a serene spiritual experience. The management of the heritage site is commendable, and the area is generally clean and visitor-friendly. I would highly recommend visiting during the morning or late afternoon when the natural light enhances the beauty of the ancient red-brick structure. Overall, the Sixty Dome Mosque is not just a religious monument but a symbol of Bangladesh's rich cultural and historical legacy. It is a must-visit destination for both local and international travelers. I highly recommend this incredible heritage site to anyone visiting the Khulna or Bagerhat region. 🇧🇩✨ Visited recently and absolutely loved the experience! ❤️🏛️🌿",skst dm msk
Ci9DQUlRQUNvZENodHljRjlvT2xJdGFrMXdWMVIyT1VoQlRqQkNWRmxvTm00NE5uYxAB,en,1.0,lid,en,clean,Nice green place and it was serene. The masjid was nice and clean. The trees around it are very learge and older which is actually nice. People used to sit beneath the trees and take shade from the hot sunny weather. There is a big lake beside the masjid but this is not the lake of crocodile. You will need 15-30 mins max to enjoy each corner.,skst dm msk
Ci9DQUlRQUNvZENodHljRjlvT21oblJUQlpOWFpYY0hKS2MxOUdhVVpRZWpaRFpuYxAB,en,1.0,lid,en,clean,"The Sixty Dome Mosque is a unique example of Islamic architecture in Bangladesh. Its also world heritage.Its massive domes, ancient brickwork, and peaceful atmosphere create a beautiful blend of history and spirituality. After all, truly, it’s impossible not to be impressed when you see it.",skst dm msk
Ci9DQUlRQUNvZENodHljRjlvT2xKclNVTnBSalp1VDJsTVRrNVdPVVZMTjFSVGNuYxAB,en,1.0,lid,en,clean,"Great place for visit. I have a strong nostalgia for this as i spent quite some time at nearby place in my childhood. If you need a breakaway from urbanism and give some moments of peace to your mind, you can think about visiting.",skst dm msk
Ci9DQUlRQUNvZENodHljRjlvT2xGek5VZEJPV2RxUkdSSlJFYzVTa2Q0V0dodWIzYxAB,en,1.0,lid,en,clean,"A Truly Serene and Beautiful Place Such a beautiful place, honestly one of the most peaceful spots I have visited in a while. The mosque is stunning and holds real religious significance, so it is worth being respectful while you are there. They do charge an entrance ticket to visit, which I was not expecting, but it is fair enough given how well the place is kept. There is also a museum on the grounds which is a nice addition if you want to learn a bit more about the history of the place. The lake right behind the mosque is something else though. So calm and relaxing, it really ties the whole experience together. I just sat there for a while taking it all in. Overall a genuinely lovely place to visit. Would recommend it to anyone.",skst dm msk
Ci9DQUlRQUNvZENodHljRjlvT2swNWFUZEVNRXQ2TWxoRVEwTk5aalF5VGxwMVJVRRAB,en,1.0,lid,en,clean,The Sixty Dome Mosque is truly a magnificent historical site! 🕌 I was so impressed by the ancient architecture and the beautiful grounds. It's a must-visit for anyone interested in history and culture. 🌳 Absolutely breathtaking! ✨ Loved every moment.,skst dm msk
Ci9DQUlRQUNvZENodHljRjlvT2pKdFdHSnFOa1JVYjAxbVFYTkRiekozV2taNVMwRRAB,en,1.0,lid,en,clean,"It's a nice place to visit. The mosque looks absolutely beautiful from the outside. However, the indoor prayer area was very hot, which made it uncomfortable to perform namaz.",skst dm msk
Ci9DQUlRQUNvZENodHljRjlvT21ONFNVWTFORE50UjFCSmREZ3lVVFE1UTBKUVoyYxAB,en,1.0,lid,en,clean,"The Sixty Dome Mosque is a breathtaking UNESCO World Heritage site and the most iconic example of Sultanate-era architecture in Bangladesh. Built in the mid-15th century by Khan Jahan Ali, it serves as the centerpiece of the historic Mosque City of Bagerhat. Visitors often find the ""Sixty Dome"" name slightly misleading, as the structure actually features 77 low-profile domes and 4 corner towers, bringing the total to 81 domes. The building's massive, fortress-like walls and distinctively curved cornices reflect the unique architectural style developed in the Bengal delta. Key Architectural Features The Interior Forest: The prayer hall is supported by 60 slender stone columns, creating a forest-like interior that supports the weight of the domes. Terracotta Ornamentation: The western wall features 11 beautifully decorated mihrabs (prayer niches) with intricate terracotta floral and geometric patterns. Historical Museum: A small onsite museum houses artifacts, old stone inscriptions, and detailed information about the restoration of the Bagerhat complex. Atmosphere: The mosque remains an active place of worship, offering a serene and spiritual environment surrounded by green lawns and old trees.",skst dm msk
Ci9DQUlRQUNvZENodHljRjlvT2pSNVltVk1VM3BIYUc1dU5rcDJXa0ZZWDAweWFrRRAB,en,1.0,lid,en,clean,"The Sixty Dome Mosque is a unique example of Islamic architecture in Bangladesh. Its massive domes, ancient brickwork, and peaceful atmosphere create a beautiful blend of history and spirituality. But the museum should be more protective. After all, truly, it’s impossible not to be impressed when you see it. 🕌",skst dm msk
Ci9DQUlRQUNvZENodHljRjlvT2tsQlpFZEVObVpKZFRnNWFESXhlRWg0T0dsUFdtYxAB,en,1.0,lid,en,clean,"The Sixty Dome Mosque (Shat Gombuj Masjid) in Bagerhat, Bangladesh, is a 15th-century UNESCO World Heritage site and the largest Sultanate-era mosque in the country. Built by saint-general Khan Jahan Ali between 1442–1459, it features 81 domes supported by 60 stone pillars, boasting a unique, fortress-like, terracotta-adorned design that once served as a mosque, madrasa, and assembly hall.",skst dm msk
Ci9DQUlRQUNvZENodHljRjlvT2xkclptWm5kekpWY1hCQmMwOWZTMlJUYms1bWJVRRAB,en,1.0,lid,en,clean,"Since it is a historical place in the country, everyone should visit to Know their own history. However, if the authorities want, it can be maintained better.",skst dm msk
Ci9DQUlRQUNvZENodHljRjlvT25aVmQzRkNPRVJ0YkRneVdHSnRlVWRZZDNaM1pFRRAB,en,1.0,lid,en,clean,"The Shat Gombuj Mosque, also known as the Sixty Dome Mosque, is truly one of the most extraordinary historical sites I’ve ever visited. As a UNESCO World Heritage Site, it absolutely lives up to its reputation. The moment you arrive, you’re struck by the serene atmosphere, lush greenery, and the beautiful blend of history and nature that surrounds the mosque complex. The architecture is breathtaking—massive terracotta walls, elegant arches, and the iconic rows of domes that seem to echo centuries of culture and devotion. Even if you’re not a history enthusiast, it’s impossible not to appreciate the craftsmanship and engineering behind this 15th-century structure. The interior is calm, cool, and beautifully symmetrical, and walking through the halls feels like stepping back in time. The site is very well maintained. The lawns are clean, the pathways are easy to navigate, and the entire area feels peaceful and welcoming. I also found the local guides knowledgeable and friendly; they share fascinating stories about the mosque’s origins, its builder Khan Jahan Ali, and the significance of its unique architectural style. Photography lovers will find endless inspiration here—every angle offers something stunning, from the play of light inside the prayer hall to the grand view of all the domes lined up. It’s also a wonderful place to relax, reflect, and enjoy a quiet moment away from busy city life. Overall, the Shat Gombuj Mosque is an absolute must-visit for anyone traveling to the Bagerhat region or exploring Bangladesh’s rich heritage. It’s not just a monument—it’s an experience that leaves you with a deeper appreciation for the country’s history, culture, and architectural brilliance. Highly recommended!",skst dm msk
Ci9DQUlRQUNvZENodHljRjlvT2xKTWMzVk9NSFZpVDFkeFdHWllSV05STTE5c00xRRAB,en,1.0,lid,en,clean,"Completed in 1459 this historic mosque is a UNESCO World Heritage site featuring 60 domes. Though the name suggests it contains 60 domes, the actual number of domes is more than that, presumably 77. The wall design are carved out of burned brick and the pillars holding the entire structure is made out of massive carved stones.",skst dm msk
Ci9DQUlRQUNvZENodHljRjlvT213d1RETjRVazR3T0RWVE1ESjFUSFJvWkhVMGFFRRAB,en,1.0,lid,en,clean,"A World Heritage site, old and massive mosque from 14 century.",skst dm msk
Ci9DQUlRQUNvZENodHljRjlvT25ONGRqbEVhRVpJUzJVeFdFbFpZMDUwT0dGbFlWRRAB,en,1.0,lid,en,clean,"Great historical place, specially for muslim culture.",skst dm msk
Ci9DQUlRQUNvZENodHljRjlvT2xCYWQxazFUMUJXZWpOb2NsVnhUbTlKWHpVeVZtYxAB,en,1.0,lid,en,clean,"Place is very alive and spiritually awakening, but the people around it aren’t! Very judgemental and disrespectful towards people with other religious beliefs.",skst dm msk
Ci9DQUlRQUNvZENodHljRjlvT20xSGVFNHlRMHBzT0hsR1VuSm5aMnhzYkZKc09XYxAB,en,1.0,lid,en,clean,Nice and historical place to visit. I found the mosque calm and clean. There was some people praying salat. The interior was not flourished but there was evidence of historical materials specially in the pillar and front wall. There was also a Museum. Entry fee for the local is 30 tk per person.,skst dm msk
ChZDSUhNMG9nS0VJaTNwUGJlak5hRlB3EAE,en,1.0,lid,en,clean,"A fabled place, a remarkable heritage site steeped in history and a beautiful specimen of heritage architecture. A UNESCO world heritage site. Unfortunately it is closed on most public holidays and no importance is given to the tourists, of course it's a mosque but both can be maintained if authorities are willing.",skst dm msk
Ci9DQUlRQUNvZENodHljRjlvT21kU1dESlJOMkZDUlRKYVZsQXphVkZ1WVY5TVJFRRAB,en,1.0,lid,en,clean,"It is the largest mosque in Bangladesh, located at Bagerhat district. It was built during the Bengal Sultanate by Ulugh Khan Jahan, the governor of the Sundarbans. It has been described as ""one of the most impressive Muslim monuments in the whole of the Indian subcontinent. Lots of visitors visit Bagerhat Shat gombuj masque with family, friends. Students also go for study tour. Winter is the best place to visit but you might see the place is crowded.",skst dm msk
Ci9DQUlRQUNvZENodHljRjlvT205bFgwRlVlVVphVTBzM1MzWXlPWE16U1hKNVNtYxAB,en,1.0,lid,en,clean,Amazing historical place! The architecture is unique and the environment is calm and beautiful. A must-visit spot in Bagerhat. Highly recommended!,skst dm msk
Ci9DQUlRQUNvZENodHljRjlvT2xkWVlqQkdla2xtYUhWelprcFZkMGx0YW1KWE1FRRAB,en,1.0,lid,en,clean,"Lalbagh Fort is one of the most iconic historical places in Dhaka, rich with Mughal-era heritage and charm. Located in Old Dhaka, this fort is a must-visit for anyone interested in history, architecture, or photography. The moment you enter, you can feel a different atmosphere, far from the busy city life. The fort complex includes several important structures like the tomb of Pari Bibi, the mosque, and the Diwan-i-Aam. Each part has its own story and beautiful design that reflects Mughal architecture. The gardens inside are well-maintained, with green lawns and walking paths that make the place peaceful and enjoyable. It’s a great spot to walk around, relax, and take photos. The entry ticket is affordable, and the place is suitable for both families and friends. Usually, you’ll need around 1.5 to 2 hours to explore everything comfortably. Early morning or বিকেলের দিকে (late afternoon) is the best time to visit, as the weather is more pleasant and the lighting is perfect for pictures. However, it can get crowded on weekends and public holidays. Also, keeping the place clean is something visitors should be more mindful of. Overall, Lalbagh Fort is not just a historical site, it’s a symbol of Dhaka’s rich past. If you’re in the city, it’s definitely worth a visit to experience a piece of Bangladesh’s history.",lbg frt
Ci9DQUlRQUNvZENodHljRjlvT25GblNHRlVlVnBQUkc1VFUxaGFOMnBuZFcxeUxYYxAB,en,1.0,lid,en,clean,"Lalbagh Fort is an incomplete 17th-century Mughal fort complex located near the Buriganga River in Old Dhaka, Bangladesh. It is one of the most iconic historical places in the city and beautifully reflects Mughal architecture and history. We visited in the morning, and there was very little crowd, which made the experience more peaceful and enjoyable. The calm environment allowed us to explore the fort comfortably and appreciate its beauty, gardens, and historical atmosphere. It is definitely a great place to visit for anyone who wants to experience the history and heritage of Old Dhaka.",lbg frt
Ci9DQUlRQUNvZENodHljRjlvT25aaGN6UTRkVUowVmtwdWRIbFpaWHBmWlY5Vk4wRRAB,en,1.0,lid,en,clean,"Lalbagh Fort is a famous historical Mughal fort located in the Lalbagh area of Old Dhaka, Bangladesh. Construction started in 1678 AD by Prince Muhammad Azam, son of Mughal Emperor Aurangzeb, and later it was continued by Shaista Khan, the Mughal governor of Bengal, but it was never fully completed, so it is known as an unfinished Mughal fort. It is situated near the Buriganga River, and if you search “Lalbagh Fort Dhaka” on Google Maps, you will find its exact location easily. Inside the fort, there are several historical attractions such as the Tomb of Pari Bibi, an old mosque, Diwan-i-Aam (public audience hall), and ancient gates and defensive walls. According to popular belief, construction stopped after the death of Pari Bibi. Today, Lalbagh Fort is a popular tourist and historical site in Bangladesh where visitors can explore Mughal architecture and history. It is open to visitors 7 days a week, the entry ticket is about 20 Taka for local visitors, and the environment inside is very beautiful, calm, and peaceful, making it a great place for walking, photography, and learning history.",lbg frt
Ci9DQUlRQUNvZENodHljRjlvT21kRlowVjRhRGhNZW1kMkxYUTVja042TWs5eE1IYxAB,en,1.0,lid,en,clean,Good historical place to visit. There was some foreigner. This place is well maintained and I had a good experience. You can learn Old history and architecture from this place.,lbg frt
Ci9DQUlRQUNvZENodHljRjlvT2paNlVpMTRiUzFUUTE5NGFUbHdXWEI2UmpGbFlsRRAB,en,1.0,lid,en,clean,"Lalbagh Fort tour was really a unique experience for me as a student. I am very happy to visit the place. The place is quite beautiful and educational. I think it is a good place to visit with family. Often couples visit here. In many cases, wedding photoshoots are held here. The place is quite good and there is a ticket system so no hawkers can enter inside. Security is normal. There are various foods in Nazira Bazaar, the traditional Birani of Old Dhaka. A good place to visit inside Dhaka. The cost for students is not high in that sense, it is very low. Foreigners can visit here if they want to know about the heritage of Dhaka. It is a remarkable example of Mughal architecture.Dhaka's former name is Jahangirnagar, which is named after the Mughal Emperor Jahangir. This fort is a model of Mughal architecture of that time. At the same time, the fort also shows us the geographical changes of Dhaka, which is much better for increasing our general knowledge. I think it is more reasonable to take personal photos in the place. However, be careful, the biggest problem in the tourist place is the densely populated area and narrow streets of old Dhaka.",lbg frt
Ci9DQUlRQUNvZENodHljRjlvT21wZlUycEZYM0pwZFV0U2NWbHNURmxDWjFwb1RFRRAB,en,1.0,lid,en,clean,"The environment is green, peaceful, and quiet with plenty of plants. However, the place could look even more beautiful with better maintenance. As a historical monument from ancient times, it deserves more care and preservation. There are also some transportation difficulties, which often lead to large crowds and traffic congestion on the roads. Nevertheless, the ticket price is worthy.",lbg frt
Ci9DQUlRQUNvZENodHljRjlvT2xrNFQxRlRlWGw1VEcwNFFsQlpaV1JIU1Y5TGJXYxAB,en,1.0,lid,en,clean,"Lalbagh Fort is one of the most famous historical landmarks of Dhaka. The fort reflects Mughal architecture and holds great historical importance. The environment is calm and well maintained, making it a pleasant place to walk and explore. Inside the fort area, visitors can see old structures, gardens, and a museum that give insight into Mughal history. It is a popular tourist spot and a meaningful place to learn about the city’s past while enjoying a peaceful atmosphere.",lbg frt
Ci9DQUlRQUNvZENodHljRjlvT2xCRVgyaGFSbHBNY0RFNFJFNTJja05pYlc5b1JsRRAB,en,1.0,lid,en,clean,"Lalbagh Fort is an ancient Mughal structured historical site. It was found approximately 348 years ago.It's located in Lalbagh, Puran Dhaka. It's a really good place to visit if anyone wants to explore the traditional structures of Old Dhaka. Especially the longevity and strong infrastructure resembles its own unique identity.",lbg frt
Ci9DQUlRQUNvZENodHljRjlvT2s0MVZVTjNkRUZLYVVWVWJteEJZMTlQY3pCQ1pXYxAB,en,1.0,lid,en,clean,Amazing place for memorizing histry. It looks really beautiful with decorated flowers. Travellers allowed time: 10am to 5pm.,lbg frt
Ci9DQUlRQUNvZENodHljRjlvT2s1alJuSlBZMlE0UkZWUE0zSjBYelZEY2pKTWMxRRAB,en,1.0,lid,en,clean,"It was a memorable moment for me, there I've found one chinese guy who are visiting Bangladesh for the first time. And It was my first experience about how to deal with a new language and new culture and everything. We are playing in the Lalbagh pond around 30 minutes and take prayer in Lalbagh Fort. I am really embraced with this day ❤️❤️❤️ Yeah, I haven’t any photo over there. But still It's fresh looking in my mind",lbg frt
Ci9DQUlRQUNvZENodHljRjlvT205NmQwbHlORE53YVMwM1dqVXRjVTk2ZUhaQmFWRRAB,en,1.0,lid,en,clean,"Lalbagh Fort is one of the most iconic historical landmarks in Dhaka and a place that beautifully reflects the rich Mughal heritage of Bangladesh. Located in Old Dhaka, this 17th-century fort instantly transports visitors back in time with its grand architecture, peaceful gardens, and historical significance. The fort was originally built by Prince Muhammad Azam, son of Mughal Emperor Aurangzeb, but it remained unfinished. Despite that, Lalbagh Fort stands as a symbol of Mughal elegance and mystery. As you enter, the first thing that catches your eye is the spacious green lawns, well-maintained pathways, and the calm environment that feels like a break from the busy city life outside. Inside the complex, notable structures include the Diwan-i-Aam, the mosque, and the mausoleum of Pari Bibi. Pari Bibi’s tomb, built with marble and black basalt, is especially striking and adds an emotional depth to the site due to the tragic story associated with her death. There is also a small museum that displays Mughal-era artifacts, paintings, and historical information, making the visit educational as well as enjoyable. Lalbagh Fort is a popular destination for students, tourists, photographers, and families. The fort looks particularly beautiful in the late afternoon, when the golden sunlight enhances its red walls and arches. Entry fees are affordable, and the area is generally clean and well-managed. Overall, Lalbagh Fort is a must-visit place for anyone interested in history, architecture, or simply a peaceful walk in a historic setting. It is not just a monument, but a reminder of Dhaka’s glorious past and cultural identity.",lbg frt
Ci9DQUlRQUNvZENodHljRjlvT2s5c1JqTjBNbmRwZVc1d2JWbGpXSEZJYVdoNWFIYxAB,en,1.0,lid,en,clean,"Lalbagh Kella is an old fort in Dhaka built during the Mughal period. It has old buildings, green gardens, and open spaces. Many people visit to learn history, walk around, and take photos. It is a calm and beautiful place to enjoy.",lbg frt
Ci9DQUlRQUNvZENodHljRjlvT21wRk9XMTNURWd6VkRSSVdIRm9kVFZEVG5ab09FRRAB,en,1.0,lid,en,clean,I visited the Lalbagh Fort with my friends a few days ago. The entry ticket fee was 30 tk per person. The area of the fort is not so big i.e. very small area. There you will see a few old Building closed with glass and much grass and flowers in the field. There is a mosque also inside the fort. Nothing special to see historic things and objects there.,lbg frt
Ci9DQUlRQUNvZENodHljRjlvT2twNE5HbFNXRk5IVUZrNWQySTBVV2d5YWtkb1dsRRAB,en,1.0,lid,en,clean,Nice place. If you are interested in history then you must vist here.,lbg frt
Ci9DQUlRQUNvZENodHljRjlvT21JMFN6RXhkMjh5Um1SQ1RHY3RUMnBFZDNsVWMzYxAB,en,1.0,lid,en,clean,"Lalbagh Fort is a famous 17th-century Mughal fort in the Lalbagh area of Old Dhaka, beside the Buriganga River. It was begun in 1678 by Prince Muhammad Azam Shah, son of Emperor Aurangzeb, but was never completed. The construction stopped after the death of Shaista Khan’s daughter, Pari Bibi, in 1684. He believed the fort brought bad luck, and work on it was abandoned. Inside the fort, there are three main buildings to explore. The Tomb of Bibi Pari is the most striking part, made of white marble and decorated with colorful tiles. The Diwan-i-Aam, or Audience Hall, was once the governor’s residence and now serves as a small museum displaying Mughal coins, paintings, and weapons. The Quilla Mosque, with its three domes, is still used for prayers today. The fort also has stories of mystery. Locals speak of secret tunnels under the complex, which were said to swallow soldiers during the 1857 Sepoy Revolution, giving the place a sense of legend and mystery. If you visit, plan to spend about two hours to fully enjoy the gardens and main structures. It’s open most days (except Sundays), usually from morning to late afternoon, with a short prayer break. The entrance fee for foreign visitors is around USD3.00.",lbg frt
Ci9DQUlRQUNvZENodHljRjlvT2xkM1pVc3pSVTV5ZVdOVmMyTlBkRFkwTkRCVmNYYxAB,en,1.0,lid,en,clean,"Lalbag Fort in Bangladesh is a beautiful and historic site that gives a strong sense of Mughal-era architecture and history. The red brick walls, intricate gateways, and peaceful gardens make it a great spot for a cultural visit and photography. The on-site museum adds good context about the fort’s past. It’s well worth a visit if you enjoy history and heritage sites. The crowds can get a bit heavy during peak hours, and facilities are basic, but overall it’s one of Dhaka’s most iconic landmarks. Highly recommended for travelers and locals alike.",lbg frt
Ci9DQUlRQUNvZENodHljRjlvT25OaU1WbG5jemxXYmtORlVrcGpTRnBoUVc1a1FuYxAB,en,1.0,lid,en,clean,Good Place to visit as you can feel the history itself but I would say it's over crowded. Dust was spotted .. ticket price is 30 taka as of 2026.,lbg frt
Ci9DQUlRQUNvZENodHljRjlvT21WcVdtbGhNbXN5VEhwSk5WUmxWa0psVW05UFYzYxAB,en,1.0,lid,en,clean,A well maintained historic place of Bangladesh. There are multiple structures inside it. The area is quite bigger and it's nice to visit there.,lbg frt
Ci9DQUlRQUNvZENodHljRjlvT210MWIwOXFjMXBzYVUxb01qRTBjVW8wT1hKNllrRRAB,en,1.0,lid,en,clean,"Lalbagh Fort is an incomplete but magnificent 17th-century Mughal fortress located in Old Dhaka. The complex features impressive structures like the Tomb of Pari Bibi, the Diwan-i-Aam, and a beautiful three-domed mosque. Its vast green gardens and unique terracotta architecture offer a peaceful escape from the city's hustle and bustle. As a premier historical landmark, it provides a fascinating glimpse into the royal Mughal history of Bengal. It is a must-visit spot for anyone interested in heritage and photography.",lbg frt
Ci9DQUlRQUNvZENodHljRjlvT21ZMWEzTkhSMWR5VTJ0TVEwMDVlbHAyY0RjeVRrRRAB,en,1.0,lid,en,clean,"Great places to spend time with family, but the water canals were empty, otherwise it would look even better",lbg frt
Ci9DQUlRQUNvZENodHljRjlvT2tOeFF6UnlXbk5rYzFaRmRrRnJiM05IVEZWd1FVRRAB,en,1.0,lid,en,clean,"Pink Palace - A Beautiful Symbol of History!! Ahsan Manzil is truly one of the most stunning historical landmarks in Old Dhaka. The beautiful pink palace, its elegant architecture, and the rich museum collections inside bring Bangladesh’s history to life. It’s a wonderful place to visit with family, especially to help children learn about our heritage. The riverside breeze and the overall atmosphere make the experience even more enjoyable. Ticket -40taka for adult person. However, one downside is that on Fridays the place becomes extremely crowded, especially with people coming mainly for photos and TikTok videos. The heavy crowd sometimes makes it difficult to explore peacefully or spend quality time with family. Unfortunately, a few visitors behave inappropriately, which can be quite disturbing. This is such a beautiful and historic place—if everyone visited with more awareness and respect, the environment would remain much more pleasant for all. Thank you! Cheers!!",ahsn mnjl msm
Ci9DQUlRQUNvZENodHljRjlvT2xOaWRXRXlNMHhuYjFSdFZrSmZjblpOU0dkM2VVRRAB,en,1.0,lid,en,clean,"Ahsan Manzil is a historical landmark located on the banks of the Buriganga River in Dhaka. Nawab Abdul Gani started the construction of this palace in 1872 and he named it 'Ahsan Manzil' after his favorite son Khwaja Ahsanullah. It was used as the residence of the Nawab family in the 19th century. This palace is also known as the Pink Palace because it is pink in color. Currently, it is being used as a museum. It is a very popular place among people for its elegant architecture and its valuable collection. It displays artifacts related to the socio-economic and political history of Dhaka and valuable items of the Nawab family. The biggest attraction of a visit to Ahsan Manzil is its museum collection. A total of 4,077 artifacts are open for exhibition in 23 rooms of Ahsan Manzil. Each room will take you to the history of the Nawab period. The museum has on display the history of Ahsan Manzil, the introduction and genealogy of the Nawabs. Large mirrors used by the Nawabs, large iron chests, wooden cupboards, dining rooms, drawing rooms, glass and porcelain dishes, elephant head skeletons, shields and swords. Various types of decorated silver from the Nawab period, crystal chairs and tables, thrones, various types of oil paintings, vases, Hindustani rooms, bedrooms and dance halls of royal guests. There are also portraits of famous people of the contemporary era and examples of various social service works of the Nawabs. If you look around this museum completely, you can get an idea about the history of the Nawab family, the hustle and bustle of their lives. The items in each display here have been properly preserved and each one has been beautifully labeled. As a result, any visitor can learn very well about that subject or thing. It is considered one of the most visited places in Dhaka with family. It is crowded every day, especially on holidays. Therefore, you can visit here peacefully except on holidays. It is a must-see place for both domestic and foreign tourists. It carries the history and heritage of Bengal. Inside the museum, museum publications and tickets are sold, which cost 10 taka. There are separate prayer facilities for both men and women inside the Ahsan Manzil complex. Mobile phone charging services are also provided here. Besides, there is a snack shop inside where water, chips, biscuits, juice, chocolate, and soft drinks are sold. There are also good toilet facilities. Entry ticket price : Adult - BDT 40 Child (3 - 12 years) - BDT 20 SAARC countries - BDT 300 Others - BDT 500 Timing : Time for gallery visit : Saturday to Wednesday - 10:30 am - 4:30 pm Friday - 3:00 pm - 7:00 pm Time for ticket sale : Saturday to Wednesday - 10:30 am - 4:00 pm Friday - 3:00 pm - 6:00 pm Closed - Thursday and other Govt. holidays.",ahsn mnjl msm
Ci9DQUlRQUNvZENodHljRjlvT2pCaFF6ZDNSbmRCYXpNeVduSlNZM0pCZDJkeFpHYxAB,en,1.0,lid,en,clean,"Ahsan Manzil is one of the most historical places in Dhaka, Bangladesh. Even after many years, it still represents the supremacy and lifestyle of the Nawab family. The furniture and everyday items displayed inside beautifully reflect how they lived during that time. We visited on a rainy day, and the sudden rain made the experience even more interesting. Standing on the terrace and watching the rain with the Buriganga River in front of us felt truly beautiful and peaceful. Overall, it was a memorable experience filled with history, culture, and charm.",ahsn mnjl msm
Ci9DQUlRQUNvZENodHljRjlvT214R1RHZFFlR2hyY1hoSkxXUllWMVY2YW5wSGJXYxAB,en,1.0,lid,en,clean,"🏰 Ahsan Manzil – A Beautiful Symbol of History Ahsan Manzil is truly one of the most stunning historical landmarks in Old Dhaka. The beautiful pink palace, its elegant architecture, and the rich museum collections inside bring Bangladesh’s history to life. It’s a wonderful place to visit with family, especially to help children learn about our heritage. The riverside breeze and the overall atmosphere make the experience even more enjoyable. However, one downside is that on Fridays the place becomes extremely crowded, especially with people coming mainly for photos and TikTok videos. The heavy crowd sometimes makes it difficult to explore peacefully or spend quality time with family. Unfortunately, a few visitors behave inappropriately, which can be quite disturbing. This is such a beautiful and historic place—if everyone visited with more awareness and respect, the environment would remain much more pleasant for all.",ahsn mnjl msm
Ci9DQUlRQUNvZENodHljRjlvT201S1RITnNNRFZWVWw4dGRHRnNaMmd4WnpSaFRIYxAB,en,1.0,lid,en,clean,"Ahsan Manzil is one of the most famous historic buildings in Bangladesh. Located on the banks of the Buriganga River in Old Dhaka, people often call it the ""Pink Palace"" because of its bright, beautiful pink color. Long ago, this palace was the home and official court of the Nawabs of Dhaka, who were the powerful rulers of the city. Built in the 1800s, the palace features a mix of local traditions and European styles. Its most famous feature is a massive dome that sits high on the roof. Another grand feature is a very wide set of stairs that leads from the front lawn straight up to the second floor. Today, the palace is a protected national museum. Inside, visitors can walk through 23 different rooms to see how the rulers lived. The museum displays original furniture, beautiful clothing, large oil paintings, and old weapons used by the Nawabs. Ahsan Manzil reminds everyone of Dhaka's rich history and grand past. It is a favorite spot for tourists, students, and history lovers who want to experience old-world charm right in the middle of a busy modern city.",ahsn mnjl msm
Ci9DQUlRQUNvZENodHljRjlvT2xaWFRtTnNYekZ4Vmw4NVIwNHRhbGt5ZFdWVk9VRRAB,en,1.0,lid,en,clean,"I had so much to say about this wonderful place, but unfortunately not all of it is pleasant. This place is rich in history, full of memories, and offers a deep glimpse into Dhaka’s past. The collection of old artifacts is truly impressive. However, several issues left me very disappointed during my visit. 1. Washroom conditions I have never seen a washroom this poor in such an iconic location, especially one that charges an entrance fee. The condition was extremely unhygienic and looked like it had not been properly cleaned in years. It was honestly quite shocking. 2. Lack of proper restoration This place clearly needs serious investment in restoration. There is visible dust, dirt, and spider webs throughout the premises. Before anything else, the structure itself needs proper restoration, followed by regular maintenance and cleaning. It is sad to see a place with such historical importance, especially one connected to the Nawab family, in this condition. Even the exterior of the palace looks neglected and could benefit from proper repainting and care. 3. Lack of English information Many of the displays lack English explanations. As a foreign visitor who paid 500 BDT for entry, I expected to be able to understand the exhibits. It is disappointing that this basic provision is missing. Additionally, there was an unclear extra charge for foreign children, 300 BDT for two kids, with no visible information about this in the ticketing system. 4. Inconsistent rules Photography is officially not allowed, yet almost everyone was taking pictures freely, and there was no enforcement. If the rule is not being maintained, it would be better to either enforce it properly or remove it altogether. I truly wanted to love this place, and it has incredible potential. But these issues significantly affected my experience. I hope the authorities take steps to preserve and present this important historical site the way it truly deserves.",ahsn mnjl msm
Ci9DQUlRQUNvZENodHljRjlvT2tRemFuaHJielJpYkRKeldTMXFTMm8wUVcxWmEzYxAB,en,1.0,lid,en,clean,"Ahsan Manzil is a historic palace located in the Kumartoli area along the banks of the Buriganga River in Dhaka. It was the official residential palace of the Nawab family of Dhaka and is one of the most significant architectural monuments of Bangladesh. Originally constructed in the mid-19th century, Ahsan Manzil was named after Khwaja Ahsanullah, the son of Nawab Abdul Ghani. The palace was built in an Indo-Saracenic architectural style, blending Mughal, European, and local design elements. Its most distinctive feature is the large pink dome, which has made it popularly known as the “Pink Palace.” Over time, the building suffered damage due to natural disasters, including a devastating tornado in 1888. It was later renovated and restored to its former glory. After the abolition of the zamindari system, the palace gradually fell into neglect until the Government of Bangladesh undertook restoration work in the late 20th century. Today, Ahsan Manzil functions as a museum under the Bangladesh National Museum. It houses a rich collection of artifacts, furniture, and photographs that reflect the lifestyle, culture, and history of the Nawab family and colonial Dhaka. Ahsan Manzil remains a popular tourist attraction and an important symbol of Bangladesh’s cultural heritage, offering visitors a glimpse into the country’s aristocratic past.",ahsn mnjl msm
Ci9DQUlRQUNvZENodHljRjlvT2tneFQyZE9PVTlwY0hZMVUybHJRMmhuYzNGWmRVRRAB,en,1.0,lid,en,clean,"Ahsan Manzil is a historic palace and one of the most iconic landmarks of Old Dhaka. It reflects beautiful Mughal-era and colonial architecture and holds great cultural and historical importance. Once the residence of the Nawabs of Dhaka, the building now serves as a museum displaying historical artifacts and photographs. The surroundings offer a scenic view of the Buriganga River. It is a must-visit place for anyone interested in history, heritage, and architecture.",ahsn mnjl msm
Ci9DQUlRQUNvZENodHljRjlvT25aNE1qWjZVSEpJYVhGaWQzaEplVVZtTUV4MlpYYxAB,en,1.0,lid,en,clean,"A visit to Ahsan Manzil feels amazing, as its magnificent architecture, rich history, and elegant riverside setting offer a glimpse into the glorious past of Old Dhaka.",ahsn mnjl msm
Ci9DQUlRQUNvZENodHljRjlvT21kWmJFVlVZelI2TW1GVWNVMVZkek0zZDBoaVRFRRAB,en,1.0,lid,en,clean,"A must-visit historical landmark in Old Dhaka! Ahsan Manzil Museum is beautifully preserved, with stunning architecture and fascinating exhibits that showcase the history of the Nawabs of Dhaka. The iconic pink palace, rich heritage, and riverside location make it a memorable destination for history lovers and tourists alike. 🏛️✨",ahsn mnjl msm
Ci9DQUlRQUNvZENodHljRjlvT2xjNVRtdEdaVkJyZG0xeVdtOW9NRGRVYmpCWk4xRRAB,en,1.0,lid,en,clean,"Ahsan Manzil started as a Portuguese settlement eventually turning into the present day palace museum, was the seat of the titled Nawabs of Dhaka. They came from Kashmir, stablishing successful business and becoming the Zamindar and subsequently getting title of Nawab from the British during the colonial era. They shaped the city and contributed in various development projects of Dhaka, both in generous donations and land. The museum gives a good glimpse of the life that used to be and many adjacent properties around the palace compound was or still is in the ownership of the family. Well worth a visit.",ahsn mnjl msm
Ci9DQUlRQUNvZENodHljRjlvT2tFMFdqUTViMnBmUlhCNlVUQnhhalJXWjAxS2NrRRAB,en,1.0,lid,en,clean,"Ahsan Manjil, famously known as the Pink Palace, stands as a stunning symbol of Dhaka’s architectural heritage. Located on the banks of the Buriganga River, it served as the official seat and residence of the Nawabs of Dhaka during the 19th and early 20th centuries. The building needs renovation as in my recent visit, I have seen the place has not been maintained well.",ahsn mnjl msm
Ci9DQUlRQUNvZENodHljRjlvT2s1UllrRTNkM1pPZEVOSlUycGlWMGh3Y0dJdFFtYxAB,en,1.0,lid,en,clean,"Located in the southern part of Dhaka, next to the Sadarghat Launch Terminal. We visited on a weekend evening, and it was extremely crowded, which made moving around inside the place quite unpleasant. Inside the palace, there is a museum where you can get an idea of the lifestyle of the Bengali Nawabs. It would have been much better if the place were less crowded. If you plan to visit, it’s better to avoid weekends or holidays.",ahsn mnjl msm
Ci9DQUlRQUNvZENodHljRjlvT2xFMWJsTm9YMUpSWVdKS1NXWXhaamRwTURnMFNHYxAB,en,1.0,lid,en,clean,Ahsan Manzil Museum is a famous historical place in Old Dhaka. It shows the life and history of the Nawabs of Dhaka. The pink building is beautiful and full of old items and pictures. It is a nice place to learn about Bangladesh’s history.,ahsn mnjl msm
Ci9DQUlRQUNvZENodHljRjlvT25sWFVVNUZjVlZMYW1OdU1HZHVSV1Z1TFVsWlZWRRAB,en,1.0,lid,en,clean,"Ahsan Manzil Museum is one of the most historically significant landmarks in Dhaka and offers a solid glimpse into the Nawab era. The architecture stands out, especially the pink façade, and the interior galleries are well-organized with artifacts that reflect the lifestyle and history of the Nawabs. However, maintenance is inconsistent in some sections, and the overall cleanliness could be improved. The area around the entrance tends to get crowded, which affects the experience. Information provided inside is decent, but not always detailed enough for deeper understanding. Overall, it’s worth visiting at least once for its historical value and unique structure, but the management could do more to improve preservation and visitor experience.",ahsn mnjl msm
Ci9DQUlRQUNvZENodHljRjlvT2xaTVUyMHhTR05hWlRaRWNYQXllazVLWjNKa2NXYxAB,en,1.0,lid,en,clean,"A magnificent glimpse into the regal past of Dhaka. Known as the 'Pink Palace,' this 19th-century residence of the Nawabs is beautifully preserved. The architecture, especially the iconic grand staircase and the dome, is breathtaking. Walking through the galleries feels like stepping back in time to the colonial era. A must-visit landmark in Old Dhaka for anyone interested in heritage and history.",ahsn mnjl msm
Ci9DQUlRQUNvZENodHljRjlvT21oeFRGUnFiVFpUWVRsMFNHRlNVM2xXUVVjdE1sRRAB,en,1.0,lid,en,clean,"Ahsan Manzil Museum, also known as the Pink Palace, is one of Dhaka’s most iconic heritage landmarks. Its riverside location and rich history as the residence of the Nawabs of Dhaka make it a must-visit place. However, during my recent visit, I noticed that the building and surroundings need better maintenance and renovation to preserve its historical beauty.",ahsn mnjl msm
Ci9DQUlRQUNvZENodHljRjlvT2tGTWIxOVVUV2hPVm1zNWIyZE9TelIxYUdocE1FRRAB,en,1.0,lid,en,clean,"ChatGPT Log in You said: Tel your experience visit ahasan monjil dhaka ChatGPT said: Sure! Here’s an example of how you might describe a visit to Ahsan Manzil in Dhaka: My Experience Visiting Ahsan Manzil, Dhaka During my trip to Dhaka, I had the chance to visit Ahsan Manzil, one of the city’s most beautiful and historic landmarks. Located on the banks of the Buriganga River, the pink palace immediately caught my attention with its striking architecture and vibrant color. As I walked through the grand entrance, I felt like I was stepping back in time. The palace was once the residence of the Nawab of Dhaka, and its design reflects a mix of Mughal and European styles. Inside, the rooms are filled with antique furniture, chandeliers, portraits, and various items that tell stories of Dhaka’s colonial past. One of my favorite moments was standing on the upper balcony, feeling the breeze from the Buriganga River and watching the boats glide by. It gave me a glimpse of what life might have been like for the Nawabs more than a century ago. The museum inside is also worth exploring—it showcases the history of Dhaka and the role Ahsan Manzil played in shaping the city’s cultural and political life. Before leaving, I spent a few minutes in the garden outside, taking photos of the pink palace glowing in the afternoon sun. The whole experience was both educational and memorable, giving me a deeper appreciation for Bangladesh’s rich heritage.",ahsn mnjl msm
Ci9DQUlRQUNvZENodHljRjlvT21WMFNXRkdSemxTTjNNdFozSktiVzR5VW5sNk5IYxAB,en,1.0,lid,en,clean,"Ahsan Manzil is a historic palace situated in Kumartoli along the banks of Buriganga River in Dhaka, Bangladesh. It served as the official residence and administrative seat of the Nawab of Dhaka during the late 19th and early 20th centuries. Credit:-Wikipedia",ahsn mnjl msm
Ci9DQUlRQUNvZENodHljRjlvT2sxRFVYVndlRlJqUjIxblNXdFVVVEZZYmpWeFowRRAB,en,1.0,lid,en,clean,"This palace is full of the history of the rulers of Bengal, starting from the person who established the palace to the Muslim league formation. This heritage is preserved with such historical accuracy. We have many Palaces and Forts in our country but none of them are preserved with such accuracy. Such a great place inside Dhaka to hangout with family and to teach children about our heritage. Also the palace is situated just beside Buriganga. So if you want to visit Buriganga you can do that too.",ahsn mnjl msm
Ci9DQUlRQUNvZENodHljRjlvT2s0elJrRnVVVmRRWldaSmFsUTBlVFEzTnpKb1ZHYxAB,en,1.0,lid,en,clean,"Kuakata Sea Beach is a beautiful and peaceful place to relax and enjoy nature. The sound of the waves, fresh sea breeze, and long sandy beach make it perfect for watching both sunrise and sunset. The local people are friendly, and the environment feels calm and refreshing. A wonderful destination for a relaxing trip with family or friends. 🌊🌅",kt bc
Ci9DQUlRQUNvZENodHljRjlvT210eGNVTkZZbEpDTkV4RFluWXdXbTg0ZWtKM1NsRRAB,en,1.0,lid,en,clean,"Kuakata sea beach, also known as Sagar Kannya (Daughter of the Sea), is a scenic tourist destination on Bangladesh's southernmost tip, famous for being one of the few places where you can watch both sunrise and sunset over the Bay of Bengal. The 18-kilometer long beach is characterized by a sandy expanse, a line of coconut trees, and blue waters. Key features and attractions Sunrise and sunset views: The most significant attraction is the ability to see both the sunrise and sunset over the sea from the same location. Scenic beauty: The beach is known for its natural, ""virgin"" beauty, with a long sandy stretch and numerous coconut trees along the shore. Location: It is situated on the southernmost tip of Bangladesh. Activities: Visitors can enjoy activities like watching the sunrise and sunset, taking boat trips to nearby areas like the Sunderban, and eating fresh fish barbecues, especially at ""zero point,"" as noted on Tripadvisor. Practical information Best time to visit: The dry season, from November to March, is the ideal time to visit Kuakata.",kt bc
Ci9DQUlRQUNvZENodHljRjlvT2s5Zk1XSkVOR05ZYTE5RWNWb3diR0pDVHpoMU1IYxAB,en,1.0,lid,en,clean,"Kuakata: A Coastal Sanctuary of Serenity Kuakata is a truly captivating destination, and it's time to set the record straight on this coastal gem. This is not the muddy shore some imagine; rather, it boasts a beautiful, sweeping sandy beach. The wave action is appealing and dynamic, much like the vibrant energy found at Cox's Bazar. What truly elevates Kuakata is its exceptional calm. It is noticeably more tranquil than its bustling neighbors, providing a peaceful escape. Even more remarkable is the pristine clarity of the ocean water. For visitors, Kuakata offers remarkable value with accommodations that are generally quite affordable. While the surrounding infrastructure is still maturing and will see future development, the natural beauty of the beach itself is already perfectly complete.",kt bc
Ci9DQUlRQUNvZENodHljRjlvT21sNWFVVXdRbkJXVjFWTVdWWmhXVEkyUmt4RlIxRRAB,en,1.0,lid,en,clean,"Kuakata: Where the Sun Greets and Bids Farewell Kuakata is not just a beach; it is a rare theater of nature where the sky and the sea perform a duet unlike anywhere else. Known locally as Sagar Kanya (Daughter of the Sea), this panoramic beach on the southernmost tip of Bangladesh offers a tranquil escape that feels untouched by time. The Spectacle of Light The most defining beauty of Kuakata is its unique geographical position. It is one of the few places in the world where you can stand on the same stretch of sand and witness both the crimson grandeur of sunrise and the golden melancholy of sunset over the Bay of Bengal. * Dawn: As the sun rises, the dark waters slowly turn into a shimmering canvas of pink and orange. The silence is broken only by the gentle lapping of waves and the distant call of seagulls. * Dusk: In the evening, the sun dips into the horizon like a ball of fire, painting the sky in hues of violet and burning amber, while fishing boats return as silhouettes against the fading light. A Symphony of Sand and Greenery The beach itself is a long, wide ribbon of sandy coastline, distinct for its calm nature. Unlike roaring surf beaches, Kuakata invites you to walk. * The shoreline is framed by dense coconut groves and the Jhaubon (tamarisk forest), creating a striking contrast between the deep blue ocean and the vibrant green land. * During low tide, the beach widens significantly, revealing a mirror-like wet sand surface that reflects the clouds above, making you feel as if you are walking on the sky. Cultural and Natural Harmony The beauty here is also found in the harmony of life. * Colorful Fishing Boats: The coast is often dotted with colorful wooden fishing boats, their nets drying in the sun, adding a rustic charm to the landscape. * Gangamati Reserved Forest: Just a short distance away, this mangrove forest adds a layer of mystery and wilderness, where nature thrives in silence. * Red Crabs: In the quieter sections of the beach, specifically around Gangamati, thousands of red crabs scuttle across the sand, creating a moving carpet of crimson that vanishes into burrows as you approach. > The Vibe: Kuakata is less about the noise of a tourist hub and more about the soul-soothing rhythm of the tides. It is a place to sit, breathe, and watch the universe unfold. I will definitely recommend to travel here 🌞😃😍🌹🌄",kt bc
ChZDSUhNMG9nS0VJQ0FnSURmdFA2d1Z3EAE,en,1.0,lid,en,clean,"Kuakata Beach is an amazing and relaxing beach and one of the top tourist spots to visit in Bangladesh. Kuakata is also one of the few places from which you can see both the sunrise and the sunset. It is called the daughter of the sea. It is located in the southern part of Bangladesh in Patuakhali district. It is 18 km long. Some key visiting places in Kuakata are Fatrar Chor, Chor Bijoy, the Buddhist temple, and the Kuakata beach itself. It is a very nice place to visit and I enjoyed it very much.",kt bc
Ci9DQUlRQUNvZENodHljRjlvT2xOVmFHbGFNVzlVWkc1NWNIQk5ZVlZ3YTBkcGFFRRAB,en,1.0,lid,en,clean,"If you have a bike you can explore more and more. New adventures, experiences just mind blowing natural view. Hotel is bit expensive and not good at all. I spend 3500 bdt for 1 night ac room.",kt bc
Ci9DQUlRQUNvZENodHljRjlvT2xCRmJUaG1TMmRLUzBsZllrUlhibmQ1UmtKSlRVRRAB,en,1.0,lid,en,clean,Good plass for vacation enjoy with family.friends.office employees.nicc see view there’s have another name see Quern,kt bc
Ci9DQUlRQUNvZENodHljRjlvT2pZeFJGUkRZbloxT1RrMkxVeElhRkkwWmsxTFlsRRAB,en,1.0,lid,en,clean,The water is pretty dirty but if anyone wanna enjoy the view (sunset & sunrise) then its fine.,kt bc
ChZDSUhNMG9nS0VJQ0FnTURRMUx1ck9REAE,en,1.0,lid,en,clean,"Kuakata Beach, also known as the ""Daughter of the Sea,"" is an absolutely breathtaking destination! 🌊🏖️ It is one of the few places in the world where you can witness both sunrise and sunset over the sea from the same beach—an experience that is truly mesmerizing! 🌅🌄 The beach is clean, peaceful, and less crowded compared to other tourist spots, making it perfect for relaxation. The calm waves, fresh sea breeze, and scenic beauty create a refreshing atmosphere. You can also explore nearby attractions like the Buddhist temple and the mangrove forest. Whether you're looking for tranquility, adventure, or stunning views, Kuakata Beach is a must-visit! Highly recommended! 🌴✨",kt bc
Ci9DQUlRQUNvZENodHljRjlvT21oUlFYTTFXbFp4ZDBkQ1ZHRndTMWRyYzBGTE4yYxAB,en,1.0,lid,en,clean,"Kuakata Sea Beach is a calm and beautiful place, especially known for its rare view of both sunrise and sunset over the sea. The beach is wide and peaceful, perfect for relaxing walks and enjoying the fresh sea breeze. It’s less crowded than other beaches, which makes the experience more enjoyable. Local seafood is easy to find, and the people are friendly. Cleanliness could be better in some spots, but overall it’s a lovely place to relax and enjoy nature.",kt bc
ChZDSUhNMG9nS0VJQ0FnSUNYdlBiVVVBEAE,en,1.0,lid,en,clean,"Transport facilities are limited, roads are horrible...most dirty beaches with full of kaos.Low and medium budget hotels abundant but overpriced",kt bc
Ci9DQUlRQUNvZENodHljRjlvT2t3eVdqRm5RVzB0YkRoQ1QxcHpTM0JpVjBONWFrRRAB,en,1.0,lid,en,clean,"Kuakata is a picturesque coastal town located in the Kalapara Upazila of Patuakhali District, in southern Bangladesh. Famously known as the “Daughter of the Sea” (Sagor Kannya), Kuakata is one of the few places in the world where visitors can enjoy both the sunrise and sunset over the sea from the same beach. The Kuakata Sea Beach stretches approximately 18 kilometers in length and 3 kilometers in width, offering wide sandy shores lined with coconut trees and a peaceful atmosphere. It attracts both local and international tourists who come to experience its natural beauty, tranquility, and unique seascape. Apart from the beach, Kuakata is home to natural forests, such as the Gangamati Reserved Forest and Jhau Tree Plantation, which are popular for hiking and wildlife viewing. The nearby Kuakata Ecopark and Kuakata National Park are also important ecological attractions. Kuakata has a rich cultural heritage, particularly tied to the Rakhine Buddhist community, who settled here centuries ago. Tourists can visit ancient Buddhist temples, traditional Rakhine villages, and sacred sites like the century-old Buddha statue and natural wells believed to have historical significance. The best time to visit Kuakata is during the cooler months from November to March, when the weather is pleasant and the beach is most enjoyable. Traditional festivals like Rash Purnima and Maghi Purnima bring added cultural color, often featuring fairs and religious ceremonies. Kuakata is accessible by road and river. Buses and launches operate regularly from Dhaka and other major cities. Efforts are ongoing to improve tourism facilities and preserve the natural environment, making Kuakata an increasingly popular destination for nature lovers and peace seekers.",kt bc
Ci9DQUlRQUNvZENodHljRjlvT2psWVdrUmhORGd3VUhKWFoycHFSbUpKWmxZNGRsRRAB,en,1.0,lid,en,clean,"Kuakata Sea Beach is a scenic and long sandy beach in southern Bangladesh, known as the daughter of the sea for its unique ability to provide views of both sunrise and sunset over the Bay of Bengal. It is a popular tourist destination, celebrated for its natural beauty. This palace is one of the best tourist spot in Bangladesh. Communication is goor. Large number of standard hotels and resorts available. Restaurants are enough to provide good foods. Shops are availble where local products are available.",kt bc
Ci9DQUlRQUNvZENodHljRjlvT2tzMlRFdE1hR2RRYTBJelh5MHhZMWx1ZHpCeVpVRRAB,en,1.0,lid,en,clean,"Nice view, lovely weather. Good place for traveling.",kt bc
ChdDSUhNMG9nS0VJQ0FnTUNRZ1pYWmtnRRAB,en,,short-text,en,clean,Wonderful experience at Kuakata Sea Beach,kt bc
Ci9DQUlRQUNvZENodHljRjlvT2psbE5EbElVRTFSVURKdVpHNUJkRkZqTmtod09GRRAB,en,,short-text,en,clean,One of the 2nd largest sea beach in Bangladesh,kt bc
Ci9DQUlRQUNvZENodHljRjlvT2pVdFZUaEpjMjFTUjFoVWJtRlFiREptUlhObk5GRRAB,en,,short-text,en,clean,Very beautiful beach,kt bc
ChZDSUhNMG9nS0VJQ0FnTUN3OHJEaVl3EAE,en,,short-text,en,clean,Kuakata sea beach. Sun rise and sun set videos.,kt bc
ChZDSUhNMG9nS0VJQ0FnSUQzcWZXS2NREAE,en,,short-text,en,clean,"Cheap hotel rate, relaxing environment",kt bc
Ci9DQUlRQUNvZENodHljRjlvT25jM2NWRm5XVTkxTWsxWlRsOHphazFJYjA1M2QyYxAB,en,,short-text,en,clean,A good quality house in Hawladar Bari,kt bc
Ci9DQUlRQUNvZENodHljRjlvT2tKbk9VeDVZbFJEVEZSVGJqTlhOa0p3UzJ4elUwRRAB,en,1.0,lid,en,clean,"Rangamati is a breathtakingly beautiful district in the Chittagong Hill Tracts of southeastern Bangladesh, known for its stunning natural landscapes, diverse indigenous cultures, and peaceful lake views. It is often referred to as the “Lake City” of Bangladesh, thanks to the spectacular Kaptai Lake, the largest man-made lake in the country. The journey to Rangamati itself is a visual treat, with winding roads through forested hills and valleys. Once there, the highlight is definitely a boat ride on Kaptai Lake. The serene blue-green waters stretch out between green hills and islands, creating a tranquil and otherworldly experience. Stops at small villages, tribal markets, and islands like Shuvolong Waterfall add depth to the trip. Rangamati is also culturally rich. It is home to several indigenous communities, including the Chakma, Marma, and Tripura people. Visitors can explore traditional handicrafts, sample unique local cuisine, and learn about the customs and lifestyles of these communities. The Chakma Rajbari (Royal Palace) and Rajban Bihar, a prominent Buddhist monastery, are also notable attractions. For anyone looking to escape into nature and immerse themselves in diverse cultural traditions, Rangamati offers a soulful retreat unlike any other place in Bangladesh. It’s calm, clean, and refreshingly different.",kpt lk
ChdDSUhNMG9nS0VJQ0FnSUNmOF9pTDFnRRAB,en,1.0,lid,en,clean,"Kaptai Lake, located in the Rangamati district of Bangladesh, is the largest man-made lake in the country and a stunning tourist destination. Created in the 1960s as part of the Kaptai Dam hydroelectric project, the lake spans over 11,000 square kilometers and is surrounded by lush green hills and small islands. The lake offers breathtaking views and a peaceful ambiance, making it a popular spot for nature lovers and adventure seekers alike. Visitors can enjoy boat rides to explore its pristine waters and visit nearby attractions such as the Shuvolong Waterfall and the tribal villages. The floating restaurants on the lake serve delicious local cuisine, adding to the experience. Kaptai Lake is also a hub for recreational activities like fishing, kayaking, and swimming. Its clear blue waters and scenic surroundings make it a favorite for photography enthusiasts. Despite its beauty, there are challenges with waste management and maintaining the lake’s ecological balance due to increasing tourism. Proper measures are needed to preserve this natural wonder. Overall, Kaptai Lake offers a serene escape from the hustle and bustle of city life, making it a must",kpt lk
ChZDSUhNMG9nS0VJQ0FnSUN3dDRlX0VREAE,en,1.0,lid,en,clean,"Visited the lake and the adjacent area by speed boat and hence could see the maximum beauties at the wake of winter season. Thanks to the naval base commander for his hospitality. If you have the permission to visit the lake area, make sure you have life jackets with you. The place looks amazing with a little bit chill and light sunlight.",kpt lk
ChdDSUhNMG9nS0VJQ0FnSUREMWZESDBRRRAB,en,1.0,lid,en,clean,Nice place. So much parking cost. Bus around 4000tk Mini bus around 3000tk Hi ace around 2000tk Mini car around 2000tk Parking cost. Fee 20BDT per person for entrance. Beautiful place with natural beauty and a beautiful lake with boat facility. Boat cost 50 tk per person when minimum 20 persons but minimum total amount is 1000tk that means if you ride single you have to pay 1000tk. There is many higher stairs to climb mountain and obviously feel like a natural beauty. Service is good but should be improved. It can be a secured picnic spot. Best wishes.,kpt lk
ChZDSUhNMG9nS0VJQ0FnSURvMjZQRElBEAE,en,1.0,lid,en,clean,"Kaptai Lake, One of the most beautiful and lucrative natural scenery, there are lots of lake in your country but kaptai lake is none of them, it has some interesting features like it's colorful water, design and it's scenery. I have visited several times there and i found its beauty and i would suggest you guys please visit just only once then said.",kpt lk
Ci9DQUlRQUNvZENodHljRjlvT2xGdGRYWkpWMFptYVUxbmRXZzFaekZxTWxkck0zYxAB,en,1.0,lid,en,clean,Very enjoyable place for boat travelling. Sunrset moments is very beautiful.,kpt lk
Ci9DQUlRQUNvZENodHljRjlvT25FMmRrSTNVMFpXTkZvME4yZExiMHMzYm5jNWFWRRAB,en,1.0,lid,en,clean,"No word, all the places around Kaptai Lake is beautiful 😫🌊",kpt lk
ChZDSUhNMG9nS0VJQ0FnSUNUb3ZlWlF3EAE,en,1.0,lid,en,clean,"Rented resort at Kaptai lake, rented boat and toured for whole day, went down to various hills, resort sometimes and took view of whole lake. A lot of time was spent on the boat.",kpt lk
ChdDSUhNMG9nS0VJQ0FnSUMtaWFDc3dRRRAB,en,1.0,lid,en,clean,One of the best place you can visit in Bangladesh.This is a huge lake.Nature here is beautiful.There are also some picnic spots available.,kpt lk
ChdDSUhNMG9nS0VJQ0FnSURoNlluS3FnRRAB,en,1.0,lid,en,clean,"nice place You can go to Kaptai to enjoy the beauty of the hill. There are picnic spots, and various toys for children to play. There is a calm and beautiful environment. This is a strangely beautiful scene with two hills above the lake. What you see fills your heart. JT Ghat is next to it. You can also enjoy a boat trip if you want. There is also a stock of pineapples. Good results at low cost.",kpt lk
Ci9DQUlRQUNvZENodHljRjlvT2tkWmNYVlJXRkF5YVVOdlNtaE5Oa1pyTlV0aE5sRRAB,en,1.0,lid,en,clean,"Sompur Mahavihara, popularly known as the Paharpur Buddhist Vihara, is a magnificent UNESCO World Heritage Site that brilliantly showcases ancient history and archaeology. It is a must-visit destination for history buffs, travelers, and photography enthusiasts. Here is a detailed breakdown of the facilities and experience based on my visit: Best Time & Photography: Late afternoon is hands down the best time to visit this place. The golden afternoon light hitting the ancient structures creates a magical view, making it an absolute paradise for photography and capturing stunning shots. Information & Global Appeal: The complex features informative signboards in both Bengali and English, making it easy to understand the rich history of the site. Because of its global significance, you will frequently spot foreign tourists exploring the grounds. Entry & Security: There is a dedicated counter where you need to purchase an entry ticket. The security here is top-notch; both Ansar members and Tourist Police are constantly on duty, ensuring a very safe and comfortable environment for families and solo travelers. Museum & Facilities: Inside the complex, there is a rich museum showcasing ancient terracotta plaques, statues, and coins excavated from the site. The authorities also provide clean drinking water and well-maintained public toilet facilities for visitors. Food & Accommodation: There are food courts and proper restaurants nearby. While the restaurants offer decent meals, the food prices are a bit on the higher side. For those traveling from afar, rest house facilities are also available. Overall, it is a very clean, well-managed, and secure heritage site. If you want to witness the glorious history of ancient Bengal and capture some breathtaking afternoon frames, this place should definitely be on your travel list!",smpr mhbhr phrpr
Ci9DQUlRQUNvZENodHljRjlvT25Kb2RFRXphbVpRYVRoWlNsVm1hbTFVUVZaYWVuYxAB,en,1.0,lid,en,clean,"A visit to Sompur Mahavihara is truly a journey back in time. As a UNESCO World Heritage site, these massive 8th-century ruins offer an incredible glimpse into the Pala Dynasty and the scale of ancient Buddhist monastic life. The atmosphere is remarkably serene—ideal for quiet reflection amidst the archaeological remains. While the historical context is well-preserved, I feel that enhanced visitor facilities and more consistent maintenance would elevate the experience even further. Whether you are a history enthusiast, a researcher, or just someone looking for a peaceful getaway, this is a must-visit destination. It’s easily one of the most significant historical landmarks in the region",smpr mhbhr phrpr
Ci9DQUlRQUNvZENodHljRjlvT21wWmJqSnVOMTloWjFGTExXaFpTbTVDWjFCeVFtYxAB,en,1.0,lid,en,clean,"An amazing historical heritage site for Bangladesh! It is worthwhile to hire a guide to receive clear and thorough explanations. I had various learnings from a kind man named Hassan and his son. The place is well preserved although teenagers roam around not respecting the indications saying you cannot climb.I suggest reinforcing this. The area is so peaceful and well kept. I can tell it appeases the locals that stay there. It feels so calm… However, it should be clarified whether the parking is free or not. I was surprised to learn we had to pay 80 taka for it on top of the entry fee. Is this normal? I had doubts. Overall, lovely place that I highly recommend visiting!",smpr mhbhr phrpr
Ci9DQUlRQUNvZENodHljRjlvT21vNFEyRXpUMU55Vm1nM2FtVTJTVE00VDFwTFJHYxAB,en,1.0,lid,en,clean,"The original name of this monastery was Somapura Mahavihara (“Great Monastery”). It was built by Dharmapala (770–810 AD), the second emperor of the Pala dynasty. Somapura Mahavihara covers approximately 11 hectares (27 acres). The main 8.5-hectare (21-acre) complex consists of 177 cells surrounding a traditional Buddhist stupa at the center. These rooms were used by monks for accommodation and meditation. Somapura was designated as a UNESCO World Heritage Site in 1985. A museum has been built near the monastery for public display and research purposes. There is also a restaurant for visitors, along with a few guest houses for overnight stays. For government officers, accommodation is available at a very low cost, starting from around 200 BDT per night.",smpr mhbhr phrpr
Ci9DQUlRQUNvZENodHljRjlvT25SNmFHVndlVVZ6VWxZNVVXTkxPVlU1V0RWVFpuYxAB,en,1.0,lid,en,clean,"Visited after 15 years. Great place, carries great history. The environment is great. (The flower garden was amazing...I visited in winter).The Museum has many thousand year old sculptures. This museum and archaeological site is simply one of the best symbol of our past, our culture.",smpr mhbhr phrpr
Ci9DQUlRQUNvZENodHljRjlvT21NeGJrRk1lVGRoU21KRFowWk1hMDQ1Tld0d2RXYxAB,en,1.0,lid,en,clean,"""If you are traveling through northern Bangladesh, a stop at the Paharpur Buddhist Vihara is essential. The atmosphere here is remarkably serene, offering a peaceful escape into the past. The massive quadrangle, once home to hundreds of monks, is surrounded by 177 cells that offer a glimpse into the monastic lifestyle of ancient times. The green landscape surrounding the terracotta ruins makes for stunning photography, especially during the golden hour. While the site is open and expansive, it's best to visit during the cooler months to fully enjoy the long walks around the central shrine. It is not just an archaeological site; it’s a living testament to the intellectual and religious history of the Indian subcontinent.""",smpr mhbhr phrpr
Ci9DQUlRQUNvZENodHljRjlvT2xWQk1WSkpjR1JNVEZOdkxYbEJOSGRJVG1FeGVsRRAB,en,1.0,lid,en,clean,"I can't explain it in words. The feeling was really great. And there was an extraordinary love working in my heart. Alhamdulillah, I was able to witness it.",smpr mhbhr phrpr
Ci9DQUlRQUNvZENodHljRjlvT21zeVFsVmxTMGhLWlVoNWVEUkZVekZCUzFSS1RYYxAB,en,1.0,lid,en,clean,"Visited Paharpur Buddhist Vihara (Somapura Mahavihara) with family. Although it’s in Naogaon district it’s much nearer to Joypurhat . The Paharpur Buddhist Vihara, also known as Somapura Mahavihara, is one of the most significant archaeological sites in South Asia. Located in the Naogaon district and it stands as a testament to the rise of Mahayana Buddhism in Bengal and was designated a UNESCO World Heritage Site in 1985. Built by Dharmapala, the second king of the Pala dynasty (c. 770–810 AD). It served as a premier intellectual center, attracting scholars and monks from across the Buddhist world, including China and Tibet, until the 12th century. The complex is massive, covering nearly 27 acres (11 hectares). Its layout is characterized by a Central Shrine a lofty, cross-shaped structure that rises in three receding terraces to a height of about 72 feet. It is decorated with terracotta plaques depicting daily life, mythology, and deities and a vast square courtyard measuring approximately 900 feet on each side. The outer walls are composed of 177 individual cells where monks lived and meditated. It is famous for its intricate stone sculptures and terracotta art, which provide a rare window into the social and religious life of ancient Bengal.",smpr mhbhr phrpr
Ci9DQUlRQUNvZENodHljRjlvT2pGd1RqUm5RVlJrUTJ0U1oyWkdlamh0YkVaWlRIYxAB,en,1.0,lid,en,clean,"Paharpur Vihara, Naogaon, Bangladesh. Also known as Sompur Mahavihara, An 8th century monastery built by King Rampal of the Pala dynasty. A UNESCO World Heritage Site, was one of the biggest and most important seats of learning in the Buddhist world. A large area with pleasantly laid green, you are easily transported to a different realm.",smpr mhbhr phrpr
Ci9DQUlRQUNvZENodHljRjlvT21VelJ6TnFVVEZwZVZwSVIwZFRORkpMT1VaclFtYxAB,en,1.0,lid,en,clean,"A visit to this UNESCO site is truly amazing, as the massive 8th-century ruins really show off the history of the Pala Dynasty. It’s a peaceful place and a must-visit if you want to see one of the biggest ancient Buddhist monasteries ever built.",smpr mhbhr phrpr
ChdDSUhNMG9nS0VJQ0FnSUNYMzY3R19BRRAB,en,1.0,lid,en,clean,"Lakes are vital ecosystems, offering a habitat for diverse wildlife and serving as critical water sources for surrounding communities. They play an essential role in regulating local climates and providing recreational opportunities such as fishing, boating, and swimming. Lakes also support various activities, from agriculture to tourism, contributing significantly to local economies. However, they face threats from pollution, climate change, and invasive species, which can disrupt their delicate balance. Conservation efforts are crucial to maintaining the health of these bodies of water, ensuring they continue to support biodiversity and human needs for generations to come. Most beautiful natural Kaptai-lake in Chittagong 🏞️🍃",kpt lk
ChRDSUhNMG9nS0VJQ0FnSUNZODUxRBAB,en,1.0,lid,en,clean,You can spend all the day without any tiredness! Such a soothing & peaceful place it is! Please must do a ride on boat!,kpt lk
ChdDSUhNMG9nS0VJQ0FnSUQtLUpPa2pnRRAB,en,1.0,lid,en,clean,"Kaptai lake is the only artificial lake of Bangladesh in Rangamati district of Chittagang.The lake was created as a result of building the kaptai dam on the Karnaphuli River, as part of the Karnaphuli Hydro-electric project in 1956. The natural beauty of the lake is very charming. The Bhuddist pagoda, Shuvolong Waterfall, swamp forests and many more natural scenes. The ecosystem will mesmerise u with her gifts. The day to day life of people living here are worth mentioning. There is a local Bazar with a BGB camp is situated to control law&order. The cost of this scenic beauty is huge as it has submerged a huge land area(220sq-km) including the Royal palace of Chakma king There is also arrangement for food here. Hope u will enjoy the every bit of time spent here.",kpt lk
ChZDSUhNMG9nS0VJQ0FnSUNLdU5LbFZnEAE,en,1.0,lid,en,clean,"Kaptai Lake, though an artificial lake, is exquisite.Located in the hill tract district, Rangamati, this lake presents some of the best views of nature that Rangamati has to offer. Hundreds of families are dependent on this lake for their livelihood. To enjoy the scenic beauty of this beautiful lake, I would suggest you to reserve a boat for your friends and family and spend one whole day touring the entire lake. Cost of the boat would depend on your bargaining skills mostly.",kpt lk
ChdDSUhNMG9nS0VJQ0FnSUNaOGJpd3dRRRAB,en,1.0,lid,en,clean,"Kaptai Water and Electricity Center, the only hydroelectric power plant in Bangladesh is situated in Kaptai, which is 50km from the port city Chittagong. Kaptai Upazila is bounded by rangamati sadar and kawkhali upazilas on the north, Rajasthali Upazila on the south, belaichhari on the east, rangunia and Kawkhali Upazila on the west. The main water bodies of Kaptai Sub District are Karnafuli River and the Kaptai Lake. It is a brilliant spot for tourists; they will be able to witness the majestic Water and Electricity Center as well as the beautiful Kaptai Lake. There are trees all round the surrounding area of the Kaptai Hydro electric power plant; tourists can take a walk into the natural retreat that is stated in Kaptai and take pictures. The Kaptai Water and Electricity Center has an arc-shaped canal which holds the river Rinkhyong at the upstream and the fountain Freengkhyang at the downstream. It is built in 1962, financed by the USA and built by a joint effort of International Engineering Company (IEC) and Utah International Inc. The design includes an earth-filled dam which is 45.7m high, 670.6m long and 7.6m wide, that holds water from the upstream which is released by 16 gate spillways (each 12.2m by 11.3 m) and tunnels through a spiral route that activates and rotates the turbines to generate electricity. The current capacity of this plant is 230MW, which powers Chittagong and adds to the national grid, which saves foreign currency for importing manufactured goods and expands national industries. It also helps to power water pumps for irrigation and helps cultivate various breeds of fish. The dam helps prevent flooding during Monsoon season between June and October, thus saving numerous lives. Most of the power is generated during this Monsoon season when the dam holds most water. Nonetheless, typhoons and seasonal storms cause shifts in tidal waves that caused overflow in the dam area causing damage to crops and properties, which the government compensates on humanitarian grounds. Tourists can take an exciting boat ride in the Kaptai Lake and explore and witness the wonderful natural sceneries of the area surrounding the Lake. From the Kaptai Boat Terminal tourist can make a sweet journey of the Kaptai Lake. There are also excellent restaurants near the lake where tourists can have their Breakfast, Lunch, and Dinner. The night view of the Kaptai Lake is mesmerizing, beautiful to watch the stars above the lake and also the view of the Lake from the restaurants is amazing. A motor boat will cost 800 to 1000 taka per hour.",kpt lk
ChZDSUhNMG9nS0VJQ0FnSUNnb3BDblV3EAE,en,1.0,lid,en,clean,This lake is awesome for having boat journey. You can hire a engine boat from kaptai boat station. Boats are available there for 24 hrs. You can go to Bilaichari by taking boat from kaptai station. It will take almost 2 hr to reach bilaichari.,kpt lk
ChZDSUhNMG9nS0VJQ0FnSUMweFptSld3EAE,en,1.0,lid,en,clean,A very very nice tourist place. Lucrative and attractive. Thanks Bangladesh Army for proving amazing services.,kpt lk
ChdDSUhNMG9nS0VJQ0FnSUNSOHZxSjZnRRAB,en,1.0,lid,en,clean,This a wonderful place for tourism. it's more beautiful in July to September 💕.,kpt lk
ChZDSUhNMG9nS0VJQ0FnSURLcFpmOFJBEAE,en,1.0,lid,en,clean,Transportation by boat is a feeling from another dimension;the vicious of the boat ;blowing wind;streaming river makes you nostalgic,kpt lk
ChdDSUhNMG9nS0VJQ0FnSURlNU95SW93RRAB,en,1.0,lid,en,clean,Undoubtedly a mesmerising place! The beauty of Nature and sky Alhumdulillah is indescribable!,kpt lk
Ci9DQUlRQUNvZENodHljRjlvT2pGellWUkhWblZaTW5oa05YRlZXVjluY0hkb1YzYxAB,en,1.0,lid,en,clean,"Paharpur mahavihar is an almost 2000 years old Buddhist ancient temple where thousands pf monks used to mediated and lived here, its lovated at joypurhat sadar, northern part of Bangladesh. Western people who fonds of archeological sites often visit here.",smpr mhbhr phrpr
Ci9DQUlRQUNvZENodHljRjlvT25sbWVuVkhNbGhJVEdWWU5XdERjQzB5T0ZOYVJVRRAB,en,1.0,lid,en,clean,"Sampur Buddha Vihar is a peaceful and spiritually enriching place. The ancient ruins reflect the deep Buddhist heritage of the region. The surroundings are calm and ideal for quiet reflection. Archaeological remains are preserved with care and respect. The site offers a glimpse into early Buddhist education and monastic life. Information boards help visitors understand the historical context. It is a meaningful destination for history lovers and researchers. The atmosphere feels serene and timeless. However, better maintenance and visitor facilities would improve the experience. Overall, Sampur Buddha Vihar is a valuable historical and cultural site worth visiting.",smpr mhbhr phrpr
Ci9DQUlRQUNvZENodHljRjlvT2pBemVteE5lR1ZCV1c1WlozRlNWbFl3VW1oTU0yYxAB,en,1.0,lid,en,clean,"Sompur Bihar in Naogaon is one of the most beautiful and historically important archaeological sites in Bangladesh. It was built in the 8th century by the Pala king Dharmapala and was once a great Buddhist monastery and center of learning in South Asia. � Dhaka Tribune +1 When I visited Sompur Bihar, I was amazed by the large ruins and the unique ancient architecture. The complex has many monk rooms, temples, and terracotta artworks that show the rich culture and artistic skills of ancient Bengal. It once had about 177 cells for monks, where they studied, meditated, and lived together. � Structurae The environment of the place is calm and peaceful, which makes visitors feel connected to history. Walking through the ruins feels like traveling back more than a thousand years. Because of its historical and cultural importance, Sompur Bihar was declared a UNESCO World Heritage Site in 1985.",smpr mhbhr phrpr
Ci9DQUlRQUNvZENodHljRjlvT2xKVFpXZHhWM0JmTVRkTk9VRnhUMmRvTUhoQlNrRRAB,en,1.0,lid,en,clean,"Somapura Mahavihara, also known as Paharpur Buddhist Vihara, is a major Buddhist monastery in Paharpur, Badalgachhi, Naogaon, Bangladesh. It is among the best known Buddhist viharas in the Indian Subcontinent and is one of the most important archaeological sites in the country.",smpr mhbhr phrpr
Ci9DQUlRQUNvZENodHljRjlvT25wWGQxaHBkWFp4ZHpOWFUyaFBZM1EyTFdwd1dIYxAB,en,1.0,lid,en,clean,"Paharpur Buddhist Vihara is one of the most important archaeological sites in Bangladesh. It is located in Naogaon district and dates back to the 8th century during the reign of the Pala dynasty. This huge monastery, known as Somapura Mahavihara, was a renowned center of Buddhist learning in South Asia. Scholars from different countries came here to study religion, philosophy, and art. The site is famous for its unique architectural design and beautiful terracotta plaques. Paharpur Buddhist Vihara was declared a UNESCO World Heritage Site in 1985",smpr mhbhr phrpr
Ci9DQUlRQUNvZENodHljRjlvT25Cek9XZGpaMHBVWVdvME1IaDFiV2h3WjBaMGJGRRAB,en,1.0,lid,en,clean,Somapura Mahavihara was one of the most famous Buddhist monastic institutions of ancient Bengal.,smpr mhbhr phrpr
Ci9DQUlRQUNvZENodHljRjlvT2psTlpsaGZURjlhY0ZKME5VOTVRUzB3UjNsalJIYxAB,en,1.0,lid,en,clean,"Paharpur UNESCO World Heritage Site or Somapuri Mahavihara at Paharpur is the highest Buddhist Stupa in the south of the Himalayas, dating back to the 8th century A.D. Paharpur is one of the most important and impressive historical sites in Bangladesh. Somapuri Mahavihara is in the shape of a large quadrangle covering 11 hectares of land area, with 177 monk's cells attached to a 9-foot veranda in the front, making up the walls and enclosing a courtyard. The 20m high remains of a stupa rise from the center of the courtyard. Paharpur heritage village is located near Jaipurhat in the Naogaon district.",smpr mhbhr phrpr
Ci9DQUlRQUNvZENodHljRjlvT2tWWGIxZENiMlppU0RoeVVURlFkbEI2YTB4eGQzYxAB,en,1.0,lid,en,clean,"The Somapura Mahavihara is one of the Wrold Heritage sites of Bangladesh. Most of it's info can be found in its wikipedia page. But, what can't be found is its intensity. When you visit the Mahavihara, you'll feel the cries of lost knowledge, the chants of long forgotten mantras buried under the dusts of time and the awe of what might've been, could've been and what is. A place definitely to be visited once in life.",smpr mhbhr phrpr
Ci9DQUlRQUNvZENodHljRjlvT210TlZVRndXRGQzU1ZoQ1ZWZGFXVkZZYTNsZlMzYxAB,en,1.0,lid,en,clean,"An incredible step back into 8th-century history! The central cruciform Buddhist shrine is massive and beautifully preserved, and walking past the 177 ancient monastic cells feels surreal. Make sure to look closely at the stunning terracotta plaques lining the base of the main structure—the details of ancient daily life and folklore are fascinating.",smpr mhbhr phrpr
Ci9DQUlRQUNvZENodHljRjlvT2tkM01WbGphRXd4Y0dkRVVtSkNaR0V3VTAxcVRIYxAB,en,1.0,lid,en,clean,It's a historical place and really beautiful place to visit.,smpr mhbhr phrpr
Ci9DQUlRQUNvZENodHljRjlvT201RE5tNUNiekZXUjBvNVUxOUNhbkZsWkRSRlRsRRAB,en,1.0,lid,en,clean,"Guliakhali Sea Beach has a nice view. I went with friends from Dhaka University of Engineering and Technology. The beach itself is quite pretty, but it did seem a bit muddy in some areas. ☀️ It's a decent spot for a day trip. 🚶 The atmosphere was okay. 🌊",glkl s bc
Ci9DQUlRQUNvZENodHljRjlvT2xoUWNERTFWR1pRUWpaWFh6ZHVNMUYyTXpGSFRtYxAB,en,1.0,lid,en,clean,"⛱️Guliakhali Sea Beach is one of the most beautiful natural attractions in Sitakunda. The beach is famous for its unique combination of green grassy fields, mangrove-like scenery, and the calm blue waters of the Bay of Bengal. The peaceful environment, fresh sea breeze, and breathtaking sunset views make it a perfect destination for nature lovers and travelers seeking relaxation. Unlike crowded tourist spots, Guliakhali offers a quiet and refreshing atmosphere where visitors can enjoy the beauty of nature, take memorable photographs, and spend quality time with friends and family. The natural landscape becomes even more attractive during high tide, creating a magical view that leaves every visitor impressed. Overall, Guliakhali Sea Beach is a hidden gem in Sitakunda that provides a truly enjoyable and scenic experience for anyone who loves natural beauty and tranquility........",glkl s bc
Ci9DQUlRQUNvZENodHljRjlvT2t4SE5taFBOMjVFZFdNMWJGOTFPQzFTZFd0d1EwRRAB,en,1.0,lid,en,clean,"One of the most unique and nice sea beaches in Bangladesh. Unlike typical sandy beaches, Guliakhali is known for its wide stretch of green grass and mangrove-like landscape, creating a calm and refreshing natural environment. The peaceful atmosphere makes it perfect for relaxing, walking, and enjoying nature away from city noise.",glkl s bc
Ci9DQUlRQUNvZENodHljRjlvT2xoaFdVaEtOR2xaWkRSVFJFdGFVRXhqV2kxSU0yYxAB,en,1.0,lid,en,clean,Very beautiful and calm place 2mins distance from Chittagong highway. Near to muradpur village. In summer it is place to visit but you will see different view when you in rainy season. Water almost comes to near village. A recreation place for the locals.,glkl s bc
Ci9DQUlRQUNvZENodHljRjlvT25kclNGOHhlSFZCUTNZd1NUSk5MVkkwYWtKWlNGRRAB,en,1.0,lid,en,clean,"To reach Guliakhali Sea Beach, get off at Sitakunda Bazar. From the highway, you can walk down the stairs and find CNGs or auto-rickshaws to the beach. You can also get off at Fokirhat Bazar and take a CNG or auto from there. The journey takes around 30–40 minutes. A CNG usually charges around 150 BDT to go there and about 250 BDT for the return trip, though you can often negotiate a lower fare. The road is mostly in good condition, with a few narrow and damaged sections. Private cars and Hiace vans can reach the area without much difficulty. The main beach area is quite far from the road. Visitors can either walk or take a boat. The boat fare is around 50 BDT per person, and boats usually depart when there are at least 12 passengers. Walking is possible but takes longer and may be tiring for some visitors. There are a few food stalls and small restaurants nearby. Prices may be slightly higher than expected, so checking the menu beforehand is recommended. The area offers beautiful scenery with mangrove-like trees and a peaceful atmosphere, giving a feeling similar to the Sundarbans. It is an excellent place for photography, especially during sunrise and sunset. Please help keep the area clean by taking your waste back with you. Since the location is still relatively unspoiled, preserving its natural beauty is important. Also, be mindful of the tide. During high tide, the pathway to the main attraction can become submerged, making it difficult or impossible to walk. In such cases, taking a boat may be necessary.",glkl s bc
Ci9DQUlRQUNvZENodHljRjlvT2pSa2FWY3pRVEJtWDNFMFR6RjVjRGQxY0ZOeFkzYxAB,en,1.0,lid,en,clean,"I recently visited Guliakhali Sea Beach, and it was one of the most peaceful places I have ever experienced. What made this beach different from other beaches was the wide green grass field that stretches all the way to the sea. As I walked along the soft grass with the gentle sea breeze touching my face, I felt very calm and relaxed. The sound of the waves and the open blue sky created a beautiful natural scene that made me forget the noise of the city. I especially loved watching the sunset there; the golden light reflecting on the water made the whole place look magical. Visiting Guliakhali Sea Beach felt like spending time in nature’s quiet paradise, and it left me with a refreshing and memorable experience.",glkl s bc
Ci9DQUlRQUNvZENodHljRjlvT2tOV1dpMVFWRVUxVERsSVMxbHNhamRXWVdkNWRIYxAB,en,1.0,lid,en,clean,"Guliyakhali Sea Beach is a very unique beach. Where other beaches have sand and sea waves, here you can see the play of water on a carpet of green grass. Over time, the waves of the sea have formed small holes on the green grass. The holes that are created are filled with water. They look like small water fountains on the green carpet. There are some beautiful bushes of Sundari trees on Guliyakhali beach. The roots of the Sundari trees have enhanced the beauty of the beach. During the rainy season, you have to take a boat to reach the main beach, but in the winter, you can walk to the beach. Gulyakhali Sea Beach has now become one of the most popular sea beaches in the country. However, there are no proper arrangements for accommodation. There are no proper arrangements for food or toilets. Hopefully, in the future, accommodation, food and good toilets will be established.",glkl s bc
Ci9DQUlRQUNvZENodHljRjlvT25vM2IwbGpiVlJJYlc0MGVuYzVYemRSVW5CUVYzYxAB,en,1.0,lid,en,clean,"Guliakhali Sea Beach is a beautiful and unique coastal spot located in Sitakunda, Chattogram, Bangladesh. Unlike typical sandy beaches, it is famous for its lush green grassy land stretching beside the sea. The calm waves, fresh air, and wide horizon create a peaceful and refreshing atmosphere. Its natural beauty and quiet environment make it an attractive place for nature lovers and travelers.",glkl s bc
Ci9DQUlRQUNvZENodHljRjlvT2t3d04xZFZUREpIVkU1UlNYcHVXbGMwZUdjM1ozYxAB,en,1.0,lid,en,clean,"Guliakhali sea beach has beautiful grassy terrain unlike the beaches in Bangladesh, it is a spread out shoreline with natural mangrove forest. It is a bit of a drive from the main highways and further walks to the beach but boats can be taken to the beach. It is a good idea to walk to the beach and return by boat: that way you can experience both sides. Unfortunately overcrowding, followed by trash, loud music is really a huge disappointment. Though there were tourist police but stricter enforcement along with public awareness can bring the desired change to preserve the beach's intrigrity.",glkl s bc
Ci9DQUlRQUNvZENodHljRjlvT25FMlQyVnNVMmRmZURWclRqSjNOR3R1TldsdVJWRRAB,en,1.0,lid,en,clean,"Guliakhali Sea Beach, located in Sitakunda, is undeniably one of the most unique and photogenic natural spots in Bangladesh because it defies the traditional definition of a beach by swapping golden sand for a stunning carpet of lush green grass that stretches right up to the water's edge. Unlike the crashing waves of Cox's Bazar, the environment here feels more like a serene mangrove swamp, characterized by scattered Keora trees and meandering winding canals that fill up with water during high tide, creating a surreal landscape that looks almost like a painting. This ""Muradpur Beach,"" as it is locally known, is a paradise for photographers and nature enthusiasts who want to witness the dramatic contrast between the vibrant green ground, the dark muddy banks, and the vast open sea, especially during sunset when the light hits the water perfectly. However, visitors must come prepared for a bit of an adventure because the terrain is naturally muddy and slippery; you will likely need to navigate across small, muddy creeks or hire a local boat to cross the larger channels if the tide is high, so wearing expensive sneakers or formal clothes is a terrible idea—stick to rubber sandals or go barefoot. It is also important to note that this is not a swimming beach in the traditional sense, as the water is murky and the floor is muddy rather than sandy, making it better suited for walking, relaxing, and enjoying the breeze rather than taking a dip. The road leading to the beach from the Sitakunda market is narrow and can get congested, and amenities like decent washrooms or high-quality restaurants are virtually non-existent near the shore, so carrying your own water and snacks is essential. Despite the lack of commercial facilities and the muddy feet you will inevitably go home with, the raw, untouched beauty of Guliakhali offers a refreshing and distinctively calm atmosphere that makes the journey absolutely worth it for anyone exploring the Chittagong region.",glkl s bc
Ci9DQUlRQUNvZENodHljRjlvT2psMVV6Qm9NVWRQTTNkMVZWVnJTblJvWmt0T2RIYxAB,en,1.0,lid,en,clean,"Visited Guliakhali at 21st of december…., honestly, one of the most beautiful place around chittagong…. 10 km far from the Sitakundo bazar. From Stakundo bazar its costs 150 taka by auto. It’s the kind of place where you just want to spend time with friends and family……",glkl s bc
Ci9DQUlRQUNvZENodHljRjlvT21sdVFYcFdVR1JMY1hjNFVHdGtUVlpwTmkwMU1XYxAB,en,1.0,lid,en,clean,A good place to hang out. The little swamps are aesthetic. You can have the most amazing view during drizzling. Magnificent scenic beauty. However road to reach here is little tricky and very challenging during rainy season,glkl s bc
Ci9DQUlRQUNvZENodHljRjlvT2paU01uWmlVbWxQY0VNdFdqbEtZblUzVVZkSU0yYxAB,en,1.0,lid,en,clean,"Visited the place in October, 2025. Was there for like 1.5-2 hours. A beautiful place for tourist destination. I also visited South Kattali sea beach in January, 2022. Much similar to that cause you get a forest on one side and sea on the other.",glkl s bc
Ci9DQUlRQUNvZENodHljRjlvT25rNFdHaGhkMFJGWmtWcVZVaElZaTE1YUhwT2VIYxAB,en,1.0,lid,en,clean,Nice place for day long tour. Calm sea blows the mind !,glkl s bc
Ci9DQUlRQUNvZENodHljRjlvT21OV1MxZFZSalpSUzIwNVIwTTFNMDVWVFZOTllYYxAB,en,1.0,lid,en,clean,"Looks exactly as same as my clicks, we went there to see the sunset and it was really beautiful, peaceful to watch. Though there were plastic bottles dumped by tourists, but overall I found it cleaner than most of other beaches of shitakundo. Must visit for travel lovers 😻",glkl s bc
ChdDSUhNMG9nS0VJQ0FnTURJbXZEeS1nRRAB,en,1.0,lid,en,clean,"Visited Guliakhali Sea Beach recently, and honestly, it felt like stepping into a painting. The way the green fields stretch right into the sea is something I’ve never seen before—so peaceful and surreal. It’s the kind of place where you just want to sit quietly and soak it all in. But getting there was a bit rough—the roads are in pretty bad shape, and the area could really use some attention from the local authorities. With a little care and better access, this place could be a top travel spot. Still, I’d go back in a heartbeat for that view alone.",glkl s bc
ChdDSUhNMG9nS0VNSFNsTDdRNTlHVzRnRRAB,en,1.0,lid,en,clean,"Guliakhali Sea Beach (aka Muradpur Beach) is a strikingly different shoreline just 5 km from Sitakunda bazaar, Chittagong Division ￼. The landscape blends grassy mounds, small canals, scattered mangrove-like trees, and the Bay of Bengal—creating a moody, mystical atmosphere. 👍 What I Loved: • Photographer’s paradise — surreal marshy greenery and tree silhouettes against a vast expanse of sea and sky, especially at sunset ￼. • Peaceful & uncrowded — not your typical bustling beach; ideal for quiet reflection or exploring alone . • Nature immersion — Keora trees lining tidal canals, mossy grass mounds, and the rhythmic sea make a dreamy setting ￼. 👎 Consider This: • Minimal facilities — only a tiny shop, so bring your own water, snacks, and essentials ￼. • Slippery terrain — muddy with water channels, so wear waterproof shoes or sandals. • Tidal caution — parts get submerged at high tide; check tide timing and be mindful near water ￼. 🚗 Getting There: • From Sitakunda, hop on a CNG auto (around 30 BDT per person or 150–200 BDT for round-trip reserved service) ￼. • Sitakunda is accessible by bus from Dhaka or Chittagong, or by train to nearby Feni then local bus/auto ￼. 📝 Tips: • Best visited during monsoon or post-monsoon (June–July) when the area is lush and vibrant. • Ideal mornings or sunset for dramatic lighting and cooler temperatures. • A nearby boat ride with fishermen is possible—fun, but negotiate fee upfront. • Combine with visits to Sitakunda Eco Park, Chandranath Temple, or local waterfalls. ⸻ Overall If you’re after a one-of-a-kind, low-key escape in Bangladesh, Guliakhali delivers—mystical, green, quiet, and perfect for those who love offbeat natural beauty. Just come prepared and ready for a bit of adventure!",glkl s bc
ChdDSUhNMG9nS0VJV0xuY2JnNExfMTFnRRAB,en,1.0,lid,en,clean,"Absolutely breathtaking and peaceful! Guliakhali Sea Beach in Sitakunda is unlike any other beach I've visited in Bangladesh. Instead of the usual sandy shores, you're greeted with lush green meadows that extend right into the sea, creating a magical, postcard-worthy landscape. The mangrove forest adds to the charm and makes the whole area feel like a hidden paradise. It's quiet, clean, and perfect for a peaceful day trip. Highly recommended for nature lovers and anyone looking to escape the crowd. Just bring food and water with you, and try to leave before it gets dark.",glkl s bc
Ci9DQUlRQUNvZENodHljRjlvT2psdU5WQnNaMVIwZDJSTVNuWm9SR05ZVlU1eE5YYxAB,en,1.0,lid,en,clean,"Guliakhali Sea Beach: A Hidden Gem of Bangladesh Location: Guliakhali Sea Beach, also known as Muradpur Beach, is located in Sitakunda Upazila of Chittagong Division. It's about 25 kilometers from Chittagong city, making it a perfect weekend getaway for nature lovers. Natural Beauty: What makes Guliakhali unique is its rare combination of lush green meadows stretching into the sea, intertwined with small canals and mangrove trees. Unlike typical sandy beaches, here you’ll find a carpet of greenery meeting the salty waters of the Bay of Bengal. During high tide, the sea creeps into the grasslands, creating a magical view. Atmosphere: The beach is quiet, serene, and far less crowded than other popular tourist spots like Cox’s Bazar. The breeze is fresh, the surroundings are peaceful, and it’s a perfect place to unwind, enjoy a picnic, or take stunning nature photographs. Best Time to Visit: Early morning or evening for sunrise/sunset views October to March for cooler, dry weather Things to Keep in Mind: There are limited food or accommodation facilities nearby, so it’s best to plan a day trip. Carry water, snacks, and essentials. The roads are a bit narrow and bumpy towards the end, so a private vehicle or rental with a local guide is recommended. Verdict: Guliakhali Sea Beach is a peaceful, scenic, and lesser-known destination that offers a refreshing break from the hustle and bustle. If you're someone who enjoys raw, untouched nature and unique landscapes, this place is a must-visit in Bangladesh.",glkl s bc
Ci9DQUlRQUNvZENodHljRjlvT25kQmJtNXJTVlJ1TVRoZlFsQjVSa3RLY0VwRE9IYxAB,en,1.0,lid,en,clean,"Guliakhali Sea Beach is one of the most unique and beautiful beaches in Bangladesh. Unlike typical sandy beaches, it has lush green grasslands, canals, and mangrove trees that create a stunning natural view. The fresh breeze, peaceful environment, and scenic landscape make it perfect for a relaxing trip. It’s less crowded, so you can really enjoy the calmness of nature here. A must-visit place if you want something different from the usual beach experience.",glkl s bc
Ci9DQUlRQUNvZENodHljRjlvT25adE5uRjBZVFl6TkRsRGRGOXNlbTV1UldOcGVWRRAB,en,1.0,lid,en,clean,"If you want a taste of the Sundarbans without a multi-day commitment, Karamjal Tourist Centre is the perfect gateway. I visited as part of a trip from Mongla, and it serves as a fantastic, practical introduction to the mangroves. The journey itself is part of the adventure—taking an engine boat from the Mongla Ferry Ghat through the Pashur River to reach the center. Once there, the forest department has made the wilderness incredibly accessible through a series of elevated wooden boardwalks. Walking through the dense canopy on these trails is a highlight, and you’re almost guaranteed to see plenty of rhesus monkeys along the way. The wildlife breeding centers are a must-see. Getting to see saltwater crocodiles and spotted deer up close is fascinating, especially knowing the conservation efforts behind them. I also highly recommend climbing the watchtower; the panoramic view of the forest canopy meeting the river is spectacular and really puts the scale of the Sundarbans into perspective. The trails are well-maintained and the entrance fee is very affordable, making it a great spot for families and solo travelers alike. It’s educational, scenic, and easily the most accessible way to experience the magic of the mangrove forest. Whether you're a nature enthusiast or just looking for a unique day trip, Karamjal is a 100% recommended stop.",sndrbns krmjl bldlf cntr
Ci9DQUlRQUNvZENodHljRjlvT21RdFowUnRhbE5QZFVGdVJWODBSVGt6V1dFeGIxRRAB,en,1.0,lid,en,clean,"The best part about this place isn't the deer park or the crocodile breeding center, it's the trail. The trail is very tranquil, walking along it is really soothing. If you're observant enough, you might notice some rare birds.",sndrbns krmjl bldlf cntr
Ci9DQUlRQUNvZENodHljRjlvT25SYVNWaHNUaTF6ZG5GU05sWnhkV2xHZDNobGRtYxAB,en,1.0,lid,en,clean,Kararjal - the closest forest station near Mongla. A day trip here will give a experience of sundarbans life. Boats available at ferry ghat at Mongla.,sndrbns krmjl bldlf cntr
Ci9DQUlRQUNvZENodHljRjlvT2xGblRERlpaRWx6TTFOMVRGUkhVekptWmpaT1dIYxAB,en,1.0,lid,en,clean,"Karamjal is widely regarded as the most accessible gateway to the Sundarbans, making it a popular choice for families and day-trippers. Located on the banks of the Pashur River near Mongla Port, this eco-tourism spot provides a manageable introduction to the world's largest mangrove forest without the need for deep-forest trekking.",sndrbns krmjl bldlf cntr
Ci9DQUlRQUNvZENodHljRjlvT21SS1FXNU1ZekF5V0U5MlRqTk1ObGxpTFY5RlVuYxAB,en,1.0,lid,en,clean,"This was my first visit at Sundarbans, and it was an incredible trip. If you want a short day tour with a quick return, this place is a great option.",sndrbns krmjl bldlf cntr
Ci9DQUlRQUNvZENodHljRjlvT2kxQk9GZDNaMWhsYTBkelFVWklNbk5QVWs1TU1GRRAB,en,1.0,lid,en,clean,"Karamjal is a popular eco-tourism spot of the Sundarbans, located near Khulna. It is managed by the Forest Department and offers visitors a close view of the Sundarbans’ natural environment. The area is known for its crocodile breeding center, deer, monkeys, various bird species, and mangrove vegetation. Wooden walkways, watchtowers, and riverbank views make Karamjal both an educational and scenic destination.",sndrbns krmjl bldlf cntr
Ci9DQUlRQUNvZENodHljRjlvT25SWmJXZzBXbmhPTUcwd1dWbHJZa1p5YWw5eU1IYxAB,en,1.0,lid,en,clean,"Spending time at Karamjal in the Sundarbans was truly wonderful. The lush greenery, scenic river views, and peaceful surroundings brought a unique sense of calm and relaxation. It is a fantastic destination for nature lovers. Along the walking trails, I captured some beautiful moments that will make this trip even more memorable. I would love to visit again if I get the opportunity.",sndrbns krmjl bldlf cntr
Ci9DQUlRQUNvZENodHljRjlvT2tSUE0yUTNWVkpRUm05a2FWRnNjM0poWTNOUWFWRRAB,en,1.0,lid,en,clean,"Karamjal is one of the most popular tourist spots in the Sundarbans. It offers a beautiful blend of rivers, forests, and wildlife. Visiting the Karamjal Wildlife Breeding Center and exploring the area is truly an amazing experience. The natural beauty, the chance to see crocodiles and deer, and the peaceful riverside atmosphere made the trip unforgettable. 🌿🦌",sndrbns krmjl bldlf cntr
Ci9DQUlRQUNvZENodHljRjlvT2t0MGMyaGFUbU5GYkZCVmRUZGxPR1pRWXpGaFJFRRAB,en,1.0,lid,en,clean,Nice place to visit. It was nice to see how monky dance. The walking on the trail was nice too.,sndrbns krmjl bldlf cntr
Ci9DQUlRQUNvZENodHljRjlvT2xWbVZqQTRkV0ozZVVSalJFTmFibEp4WW14eWEyYxAB,en,1.0,lid,en,clean,This was the last place we visited in the Sundarbans. It was a mix of emotions—admiring the beauty of the place while quietly feeling sad that our memorable trip was coming to an end.,sndrbns krmjl bldlf cntr
Ci9DQUlRQUNvZENodHljRjlvT21oQlJIRkdYMmhmWVU5clNrVXhNV0V5TkdweVpWRRAB,en,1.0,lid,en,clean,"It was a great place, specially you have to visit with a group. And you have to buy entry ticket, it costs 50 taka. Several watch towers, foot trails, a place for deers, crocodiles are here. We have to move in a discipline way and one way foot trail. Various tree are here, some of them are bean, sundori etc.",sndrbns krmjl bldlf cntr
Ci9DQUlRQUNvZENodHljRjlvT25KeU5IWktTbEpYYkRGVVRWSk1ZVUpaTkMwNGVGRRAB,en,1.0,lid,en,clean,The environment is exceptionally beautiful and captivating,sndrbns krmjl bldlf cntr
Ci9DQUlRQUNvZENodHljRjlvT2tvMmN6Wm9ZMVJpTmxwTVdqVk1jV1pXTkZGRlNrRRAB,en,1.0,lid,en,clean,"I think Karamjal is a first point of Sundarban exploring. We can see mangrove forest view here. We saw the various crocodiles here. Also saw a lake with the concrete boundaries where we have seen the crocodiles. It looks most adventuring rather than see them at cage. Also see beautiful and innocent deers and feed them. Also, we trek the floating roads in the forest. It was good scenery. From watch tower, we saw a mangrove view. It was awesome",sndrbns krmjl bldlf cntr
Ci9DQUlRQUNvZENodHljRjlvT2xseFZsb3dhM1puYmpCS1UyeHBWbU51VERaR01IYxAB,en,1.0,lid,en,clean,"Not a whole but a glimpse of Sundarban can be experienced from Karamjal and those who are fond of nature, this is one of the place to see how beautiful Bangladesh is!",sndrbns krmjl bldlf cntr
Ci9DQUlRQUNvZENodHljRjlvT25oTGFTMXFNVGQwVGtGTk9XaDBWV0ZTYjFsRmRWRRAB,en,1.0,lid,en,clean,"Growing up near the Mongla port, I've been lucky enough to visit the Sundarbans about 10 or 12 times. Every single visit is amazing and always gives me a unique feeling of peace. 1. The forest itself is beautiful and so refreshing. 2. I especially enjoyed the zoo area, which was always a great part of the trip, offering a chance to see some of the local wildlife up close.But what I will always remember and miss is the old wooden walkway. It made you feel like you were walking right inside the forest, and that gave it the most natural vibe. Even with those changes, the Sundarbans is an unforgettable place.",sndrbns krmjl bldlf cntr
ChdDSUhNMG9nS0VJQ0FnTURRMUphNF9nRRAB,en,1.0,lid,en,clean,"It’s a beautiful place for raw nature lovers. You have to walk on the long trail to see the beauty of the forest. But don’t make high expectations to see the animals of Sundarbans, because I do not see any animals except monkeys. Take a breath and feel the nature.",sndrbns krmjl bldlf cntr
Ci9DQUlRQUNvZENodHljRjlvT210Q1dFUlhTbW8xUjA1UVIwcHdha0UyTTBOS1YwRRAB,en,1.0,lid,en,clean,"It is a place in Sundarban,the largest mangrove forest of the world. There is a crocodile breeding center here.Its a popular tourist spot.",sndrbns krmjl bldlf cntr
ChZDSUhNMG9nS0VJQ0FnSUNfd01QVmZnEAE,en,1.0,lid,en,clean,"Karamjal Eco-Tourism Center is an awesome part of Sundarbans. Karamjal, an attractive tourist destination of the forest department, is located in the Sundarbans on a 30 hectare land on the banks of the Pashur River, a short distance from the Mongla seaport. Karamjal has been developed by the Forest Department as a model for the Sundarbans. Hundreds of tourists come here every day. Karamjal is the perfect place to visit the Sundarbans in one day and get an idea of the Sundarbans. The main attractions here are deer, crocodiles, monkeys, wooden trails, towers, boating, fishermen’s fishing scenes. The only natural crocodile breeding center in the country is located here. The tourist center is located at a distance of about 80 km from Khulna and about 8 km from Mongla by the river. In addition to an eco-tourism center, there are deer and crocodile breeding and rearing centers. If you take an engine boat from Mongla, you can reach Karamjal jetty in one to one and a half hours. The huge map at the beginning of the tourist center will give a good idea about the Sundarbans.",sndrbns krmjl bldlf cntr
Ci9DQUlRQUNvZENodHljRjlvT21wMVkzSnViR0pLYTFwUVEzbE1lSGxrUzFKVVltYxAB,en,1.0,lid,en,clean,"Karamjal is the most accessible and popular eco-tourism center within the Sundarbans East Wildlife Sanctuary. Located on the banks of the Pashur River, just a short boat ride from Mongla, it serves as an essential introduction to the world's largest mangrove forest. It is often the first stop for travelers looking to experience the unique biodiversity of this UNESCO World Heritage site without venturing deep into the core forest zones. The highlight of Karamjal is its extensive wooden trail (canopy walk) that snakes through the dense mangrove thicket. This elevated walkway allows visitors to observe the complex root systems of Sundari and Kewra trees and catch glimpses of the forest's inhabitants—such as rhesus macaques, colorful kingfishers, and spotted deer—from a safe and eco-friendly distance. The air here is thick with the scent of salt and earth, providing a sensory immersion into the ""Green Wall"" of Bangladesh. Karamjal also houses the country's only Saltwater Crocodile Breeding Center and a Turtle Breeding Center. These facilities play a crucial role in the conservation of the endangered ""Batagur Baska"" turtles and the region's apex reptilian predators. A climb up the forest's observation tower offers a breathtaking panoramic view of the winding Pashur River and the endless canopy of green. For those visiting the Khulna region, Karamjal offers a vital balance of education, conservation, and the raw, natural beauty of the mangroves.",sndrbns krmjl bldlf cntr
Ci9DQUlRQUNvZENodHljRjlvT25abFprWldTemhJWkdkcmRYZGFOWGR3Tm05NVduYxAB,en,1.0,lid,en,clean,"A 1.2 kilometer long trail and a watchtower. This spot allows you to have a slight glimpse of domesticated Sundarbans. If it was your lucky day, you may see crocodiles swimming in the canal next to deer cage. Points to be noted: the entry and exit points of the trail become very slippery when it rains. You will see lots of monkeys expecting food from you. While they are docile in nature, don't get too close as they may see it as an act of aggression. They are also famous for snatching phones away from tourists. The weather is quite hot and humid. You may sweat a lot. Carry water but don't litter. When visiting Karamjal, try to meet the Officer/Supervisor in Charge and listen to his 100 encounters with Tigers. He is a superb storyteller, posted here for nearly 15 years.",sndrbns krmjl bldlf cntr
887b5a763c67dd38,en,1.0,lid,en,clean,"Good. service,behaviour like a professional .. Attitude like professional",s cks htl
9ea5e72e193f8a42,en,1.0,lid,en,clean,"Good.. Breakfast is good. The hotel location is nice, near the beach.. Hot weather, vehicles' sound.",s cks htl
fbcc6b5eeb267851,en,,short-text,en,clean,Pleasant. Breakfast was good,s cks htl
9c118fe73a9c1895,en,1.0,lid,en,clean,Fucked up the money with tripple charge! People took the same room in front of us at 1/3 of price! Booking.com is a. Everything,s cks htl
100c471d0b3c1caf,bn,,script,bn,clean,গিজার কাজ করে না 😔 বেসিনে পানি আসে না জানানোর পরও কাজ হয় নাক বাধ্য হয়ে থাকতে হয়েছে. গিজার কাজ করে না 😔 বেসিনে পানি আসে না জানানোর পরও কাজ হয় নাক বাধ্য হয়ে থাকতে হয়েছে,s cks htl
e262cc798f5c4ef9,en,1.0,lid,en,clean,Decent stay not that good!. Good location. Not clean enough tv doesn’t work,s cks htl
5f6258aa4ffb05d2,en,1.0,lid,en,clean,"It was 2000 taka per night level but it costs more than 3 times.. I expected more facilities at least compatible with the charges. But it's not up to the mark.. It's too old. Electricity instruments, bathrooms fittings everything gets old. Comparing with charge breakfast also too poor.",s cks htl
3a6ed9f653821035,en,1.0,lid,en,clean,Exceptional. clean and security system. morning time reception is not friendly,s cks htl
90755a3345a5a2d4,en,,short-text,en,clean,Superb. Good and safe hotel.,s cks htl
85c0be4e29ef25ec,en,1.0,lid,en,clean,"Very good. The location, room, facilities.. Check out time is too early.",s cks htl
ade42340f08b9de6,en,,short-text,en,clean,"Pleasant. Response are so fast,,. Cleanness",s cks htl
da4cde283e53676e,en,1.0,lid,en,clean,Hotel location position and quality is good. I am passing with good time with my family in this hotel. Hotel restaurant food quality is very good and they provide room delivery.,s cks htl
762a31527087fbf8,en,,short-text,en,clean,Very poor. Dirty property,s cks htl
e8cd28925eee0b87,en,1.0,lid,en,clean,"Poor. poorly organized, too spicy, burnt, limited supply.. replacing of broken materials would be better than repairing them, noise cancelling was necessary.",s cks htl
a41399f2052b1038,en,,short-text,en,clean,Passable. Toilet/ washroom was not good,s cks htl
ed2b2e367fbc35be,en,1.0,lid,en,clean,Disappointing. I didn't get any room there those who are allergy free environment.. Dam full walls and not so clean of washrooms. Roof ceilings are need to be improve and make them damn proofs.,s cks htl
1223e86d34794042,en,,short-text,en,clean,Superb. everything. Nothing to unlike!,s cks htl
b906a4cc3fa1ae88,en,1.0,lid,en,clean,Breakfast was poor. It was good stay. Good location. & clean,s cks htl
f7cf457ce6ed460f,en,1.0,lid,en,clean,"Confused abput the 3 star level of this hotel.. Did not get sea view room as reserved during booking. Booking dot com chage was $40 but they claimed $46. My room was on the top floor but no lift. Breakfast room is in a public hotel. They don't have any breakfast room and space is limited and looks like a market place. This services ned to provide to customers to get a paymnet of $46. Otherwise they must reduce tyhe rate,",s cks htl
1e86f7a1d8f381d1,en,,short-text,en,clean,"Passable. Staffs behaviour. Food, need to improve",s cks htl
2fe26567546fe241,en,1.0,lid,en,clean,Good for location and rooftop pool. Location and the rooftop pool. And the restaurant. Lifts takes long time and sometimes electricity goes off it is bit scary.,nrjhn grnd htl
a8778b4383f0441a,en,1.0,lid,en,clean,"Extremely disappointing.. Staff, security and service people were all professional and nice.. Everything was wrong with this hotel. Rooms had a horrible moldy smell, with even the hallways being very stinky. They had only 2 working lifts with 1 always out of order, all having horrible smells. The state of the rooms were poor and disgusting, leading to 3 room changes before having to upgrade our room. Even the upgraded room was very average. Headboards were dirty, bedsheets, pillow sheets and towels were stained. Air was musty and bathrooms were not thoroughly cleaned. Bathrooms were poorly cleaned, with the shower cubicle not properly closing. Limescale on taps We had 2 rooms for our family, with both having faulty fridges needing to be replaced by staff. The overall feel was that the place was falling apart. Our room had a ceiling leak as well as a constant dripping sound from the bathroom due to a pipe leak.",nrjhn grnd htl
b45be64c7eb32aba,en,,short-text,en,clean,Exceptional. Good,nrjhn grnd htl
88c3de39bd5ca3d3,en,,short-text,en,clean,Exceptional. Property nice and clean,nrjhn grnd htl
d784c88ed541c409,en,1.0,lid,en,clean,"Very good. OK, but items should be more. Continental items need to be increased. Sour card should be added.",nrjhn grnd htl
c852e3e9d501d321,en,,short-text,en,clean,Good. Good. Size of bed & room,nrjhn grnd htl
8bdca128412a3c87,en,1.0,lid,en,clean,Overall Good hotel. The experience for breakfast was good. The staff is warm and friendly and the bed is good too,nrjhn grnd htl
ec0ab3f4a4c11d48,en,1.0,lid,en,clean,Great and ideal stay. Great value for money! Great location. Great hotel. Accommodated my family of 5 in a family room. Customer service was exceptional. I would prefer it if the pool was heated which it wasn’t. Only criticism. I’ve recommended family and friends who have joined us at the hotel in different rooms who had a pleasant stay.. Quite outdated.,nrjhn grnd htl
925e78019b053f1a,en,1.0,lid,en,clean,Very disappointing.. The AC at the room was working properly and the pool facilities were very good.. I was expecting my room to be big as I booked it for 3 people and a bit like the picture I saw on their site. The room had a lot of defects and they were charging me extra money for an extra bed for my child when I already paid extra .,nrjhn grnd htl
7785c2f687c1e6fd,en,0.8571,lid,en,clean,"Disappointing. Location, swimming pool. Breakfast slow service not enough foods",nrjhn grnd htl
412f9cb00f27afe7,en,1.0,lid,en,clean,Very good. Infinity swimming pool. No balcony available,nrjhn grnd htl
c1c414afa03ba25b,en,1.0,lid,en,clean,"This is a very comfortable hotel for your stay. Nice and the environment was very good also there br. Location,Top Restaurant,Pool. Entry of the hotel",nrjhn grnd htl
5b0e0b44150d2e81,en,1.0,lid,en,clean,"Superb. Unfortunately, I can't swim. Cze rainey weather",nrjhn grnd htl
d45fe1248e75d9cf,en,1.0,lid,en,clean,"Very good. Location, cost effective, swimming pool, staff. Small bed, foods",nrjhn grnd htl
06c282e68b5beb59,en,1.0,lid,en,clean,"Very good. Cost effective, wonderful location, nice swimming pool well behaved staff. Bed was too small and Food items were limited and taste was not upto the mark.",nrjhn grnd htl
b6b6b6e3f6bcc3ed,en,1.0,lid,en,clean,The property is clean but everything seems old and worn out. But it’s a good value for the money.. The location is good. Staffs are friendly. The property is clean.. Everything seems old and worn out. The mattress spring in some rooms worn out. But this is good value for the money .,nrjhn grnd htl
2f0d9b3ca3fd7819,en,,short-text,en,clean,Not bad. Not good. Comfort,nrjhn grnd htl
824ccdf9387574fd,en,,short-text,en,clean,Exceptional. Their behaviour is so excellent,nrjhn grnd htl
18914e4890d3b257,en,1.0,lid,en,clean,Bad. Bad experience. Service was not good had to have a shower in cold water after contacting them numerous of times. Housing keeping do not come. Reception staff are rude. Can get better rooms in sylhet for cheaper No fridge in room everything they write online is fake.,nrjhn grnd htl
99caa9e5bd347b1b,mixed,0.7788,script-mix,,clean,"Clean, comfortable and great value — helpful staff and reliable WiFi.. Excellent value for the price! The room was clean and comfortable, and the staff were genuinely helpful — when I asked for an extra pillow, they brought it right away. The WiFi worked well throughout my stay. Great choice for a short, budget-friendly stay in Chittagong. Would happily stay here again. দামের তুলনায় দারুণ! রুম পরিষ্কার ও আরামদায়ক ছিল, আর স্টাফরা সত্যিই সহযোগী — বাড়তি বালিশ চাইতেই সাথে সাথে এনে দিয়েছে। পুরো সময় WiFi ভালোভাবে কাজ করেছে। চট্টগ্রামে অল্প বাজেটে এক রাতের জন্য একদম উপযুক্ত। সুযোগ পেলে আবারও থাকব।. Nothing really — everything was good for the price. তেমন কিছু না — এই দামে সবকিছুই ভালো ছিল।",hk tbr intrntnl
f0ab8e460b25d42b,en,1.0,lid,en,clean,Not worth. Only the location.. Fridge was in one guests bedroom not in kitchen no microwave. No elevator. Generator also malfunctioned. Room was so small one couldnt even pray in it.,hk tbr intrntnl
7d0d638af3726f5d,en,1.0,lid,en,clean,Exceptional. The Location and Privacy. Nothing specific,hk tbr intrntnl
a8addb7b00241729,en,1.0,lid,en,clean,"Pleasant. such as clean rooms, friendly staff, and a convenient location.",hk tbr intrntnl
9d1074cdaee4f8ad,en,,short-text,en,clean,Exceptional. Best,hk tbr intrntnl
8929b97f7c31076d,en,1.0,lid,en,clean,staff was nice enough to let in before 1130 am. A decent location next to the highway. You get what you pay for,hk tbr intrntnl
a60530b8386a4407,en,1.0,lid,en,clean,Bad. Ther were lift facilities we had to climb 7 floors.Everytime we went outside we needed to give our keys to the manager and they always ask if we turned off the AC or not. The bathroom wasn't clear and there was dust in our room . The TV and network was not working. We upgraded the room to deluxe family room but the facilities were too poor for 2100 tk and over that the manager will force you to give tips saying this and that,hk tbr intrntnl
04cf3eb8dd8b8901,en,1.0,lid,en,clean,Poor. No one can sleep at night because of mosquitoes,hk tbr intrntnl
806964d9b09def09,en,0.7143,lid,en,clean,"Very poor. I didn't like anything.. Their time management was very poor. Besides, I didn't like their service.",hk tbr intrntnl
e6e87e1f33e07492,en,,short-text,en,clean,Al over good. Good,hk tbr intrntnl
8af8fb3ae40e874b,en,,short-text,en,clean,Bad. Nothing. Worst experience,hk tbr intrntnl
845947da7497e4be,en,1.0,lid,en,clean,Very good. Prime Location in very reasonable price,hk tbr intrntnl
27404e6777136b24,en,0.7143,lid,en,clean,Bad. Room Very dirty.no elevator. no restaurant. no facial tissue.. I will never come again,hk tbr intrntnl
701b0b445902d743,en,1.0,lid,en,clean,"Good price but don't expect much. The only good thing that's actually good was the price honestly. The location was also good, easy access to transportations. Also you can check in early but there's a charge though which seems normal.. Well, there's a few. The blankets had small circular burn marks, which may be from cigarettes I believe. There was smell from smoking which I think came from the other rooms around.",hk tbr intrntnl
87fd785f18ef3adb,en,1.0,lid,en,clean,"Perfect staff. I'm impressed with the hotel staff. They're very kind and helpful! Especially Ismael, who saved my friend's life in a critical situation. We were waiting at the station for a bus to Dhaka when it turned out my friend had left his documents and bank cards somewhere at the hotel. I immediately called Ismael, who quickly located the wallet and immediately sent a smart guy to the location I'd sent him. He arrived very quickly and arrived just in time. It was tense, but thanks to Ismael's quick reaction, everything turned out well.. Everything was OK",hk tbr intrntnl
3864f5eab33d2c8f,en,1.0,lid,en,clean,worse. i didnt like anything! they didnt have parking. i didnt like anything! they didnt have parking,hk tbr intrntnl
8eccf7509f26afb6,en,,short-text,en,clean,Exceptional. Good 👍🏻,hk tbr intrntnl
f3fb9f0e616c19e8,en,,short-text,en,clean,Good experience. Staff behaviour. Noise,hk tbr intrntnl
177cbaa52039aa35,en,1.0,lid,en,clean,Passable. I think they provide best Service . but they give me poor room 506 and 508. They scenecreat late night to confirm the booking. They forced me to give him my family photo and information. I Don't avoid this in late night. Harrasmental situation.. Poor Facilities and they asking lot of question. High charge with tax. No pay slip provide. Occurred setuation.,hk tbr intrntnl
66b007af51a41933,en,,short-text,en,clean,Old building. Average. Old building,hk tbr intrntnl
23b4639f6a7c73fa,en,1.0,lid,en,clean,it was really bad experience. Nothing was to my liking. The room was dirty and it was clean.. He charged me an extra 1500 taka for stains on the bedsheet which was the worst experience of my life so I will not encourage anyone else to go there.,fs lk rsrt
afaf941983ee2837,en,,short-text,en,clean,Exceptional. Beautyful,fs lk rsrt
8718f3fa6a8dfef2,en,,short-text,en,clean,Not good. Same every day. Comfort to be providrd,fs lk rsrt
c9f9da4879bdcfa3,en,1.0,lid,en,clean,"he overall environment and ambiance of the hotel are pleasant.. The breakfast selection is very limited and offers little variety. The staff appear slow to respond and could be more attentive in providing service. Additionally, tea and coffee are not served separately, which could be improved to enhance the overall breakfast experience.. The restaurant staff could be more welcoming and attentive. Communication between the service team and the kitchen appears to need improvement, as the waiters were not well informed about menu availability. Additionally, several of the recommended and popular menu items were unavailable, which was disappointing.",fs lk rsrt
9fbf6af5851f2537,en,,short-text,en,clean,Bad. there r,fs lk rsrt
60d3b07330744f7c,en,1.0,lid,en,clean,"Poor management. It's clean, enjoyable. Best part boat trip to foyslake and free rides.. Many inconvenience things , arrival, lots of furniture in hallway etc.",fs lk rsrt
c631ba1d93bda88d,en,1.0,lid,en,clean,Very good. Natural environment. TV net connection system was poor,fs lk rsrt
addcad6373f815e2,en,1.0,lid,en,clean,"Exceptional. Good Environment.. Staff Behavior, Entertainment Management.",fs lk rsrt
747e1ef968454a25,en,,short-text,en,clean,Superb. Everything. Everything,fs lk rsrt
853f07a30db765c0,en,,short-text,en,clean,Good. Good. Good,fs lk rsrt
d452faa827667fc3,en,1.0,lid,en,clean,"Staff tried to steal my nephew’s airpod. Scenario. Cleanliness, staff, food",fs lk rsrt
0c0b2c791fff584f,en,1.0,lid,en,clean,Not bed. Nice. The room has no smart tv! Coffe eliminate's were not in the room,fs lk rsrt
6a3dcc70bf4182f5,en,1.0,lid,en,clean,"Overall, the stay was good, but the food prices and menu items could be improved.. I liked their behavior and hospitality.. Their lunch or dinner menu items were very limited, and moreover, the prices were quite high. Considering the quantity and quality of the food, the price was much higher than expected.",fs lk rsrt
151464f4d0d34a85,en,1.0,lid,en,clean,They should pay more attention about cleanliness. Breakfast simple .location nice,fs lk rsrt
2df82f9891cdc90e,en,,short-text,en,clean,Exceptional. Environment.,fs lk rsrt
2ecf29f044543b10,bn,,script,bn,clean,Good. নিরিবিলি পরিবেশ,fs lk rsrt
f3a228b6efb1b8ae,en,1.0,lid,en,clean,Disappointing. Mountain view is worest ! Hair dryer didn't provideed! as per booking i have to pay with 10% discount but they didn't give it to me.,fs lk rsrt
6ea887aa92064668,en,1.0,lid,en,clean,"Good. The location is nice, although not easily reachable. The presence of a water body near the resort makes the stay special. The staff is very friendly and helpful.. Difficult to reach. Either you go by their boat and climb stairs, or you walk through the Sea world. The room decor is mediocre. The restaurant has a very limited choice of food. Going out for food requires great initiative.",fs lk rsrt
1c06aeb7ba992927,other,1.0,lid,nl,clean,"Aparte, maar unieke, locatie!. De behulpzaamheid van het personeel is goed. Het is een bijzondere locatie: je moet door een pretpark lopen en vervolgens met een boot over het meer naar het hotel. Het hotel ligt in het deel van het wateroark Sea World. Voordeel is dat je even uit de drukte van de stad bent.. Het restaurant, weinig keuze en matige kwaliteit. Hygiene van de kamer kan iets meer aandacht aan besteed. De ligging van het hotel blijkt onvoldoende uit de beschrijving.",fs lk rsrt
d8bb763d22356072,en,,short-text,en,clean,Exceptional,fs lk rsrt
eb61d56e9b31a84a,en,1.0,lid,en,clean,"Recommended with in a discounted price from booking.com. The buffet breakfast was good, offered a nice variety, and was reasonably priced. There were more than 20 items to choose from, including both local and continental options. Overall, it was a satisfying breakfast experience and provided good value for money.. Overall, I had a good stay, and the hotel offers good value for the price, especially if you book through Booking.com with a discount. The rooms are decent, clean, and nicely decorated. They include a small refrigerator and a 32-inch TV. The washroom was also in good condition. However, I did notice some dust under the bed while looking for a piece of paper, so housekeeping could pay a bit more attention to areas that are not immediately visible. The food was good and reasonably priced. The buffet breakfast was one of the highlights, offering more than 20 items with a good variety, making it excellent value for money. There are a few areas that need improvement. The behavior of some staff members, particularly at the front desk, could be more welcoming and professional. I also found the breakfast manager to be less professional than expected. The swimming pool was a bit disappointing. It is located on the ground floor, quite small, receives very little sunlight, and the water was noticeably cold, which made it less enjoyable. Overall, despite a few shortcomings, the hotel provides a comfortable stay at a budget-friendly price. If you can get a discounted rate through Booking.com, I would recommend it for travelers looking for good value rather than luxury.",rl prl sts
db6b9f70579bc6cf,en,1.0,lid,en,clean,"Good. I quite liked the breakfast I’ve had last two days. Some items were amazing that reminded me of home cooked meals. Bravo 👌🏾👌🏾. It is a nice hotel to stay in,very active staff when it comes to room service of any kind. But I didn’t feel welcome when I came in for the first time. There was a lady staff in reception who may have not worked there long enough hence she doesn’t know how to welcome guests. Something was very off about her behavior. I had to ask for the AC and the welcome drinks. I felt disrespected by her behavior to be frank. It’s her whole vibe. Maybe she judged me by my cloths or whatever !!! Who knows.",rl prl sts
e0cb349ee6263c57,en,1.0,lid,en,clean,"Overall i like the hotel give us good hospitality. Good breakfast (if you like Bengali food).. · Big room size and a comfortable bed. Good hospitality, the staff are very kind and professional. And a good breakfast as well (Bangali dishes). My wife and I enjoyed the breakfast during our 4-night stay.. To get to the hotel, the street was very dirty (maybe construction was going on).",rl prl sts
694c9214eb6dcb64,en,1.0,lid,en,clean,"Barely okay. Suite was big and clean. There were only two towels. There is a sign posted: live rooftop BBQ, which was totally fake misleading",rl prl sts
f31804b6e7ce6fd0,en,,short-text,en,clean,Pleasant. So so. Western styl,rl prl sts
5464f0c521782dfa,en,1.0,lid,en,clean,"Cheap and reflected it.. Staff were helpful and accommodating. Laundry service was very quick.. Only one air conditioner was working. Food was fair, no coffee.",rl prl sts
10b334ac8bd6d7cc,en,1.0,lid,en,clean,"they cancelled our booking without reason. nothing to like.. they cancelled our booking (did not give us room) saying booking.com reservation is not enough and that i had to pay money through whatsapp at the very last moment. even though i had email from booking.com saying my reservation is guaranteed. they did not communicate with us properly, and showed very unprofessional and rude behavior. and disconnected the call in my face while i was asking for solution. we planned the trip a week ago and was puzzled what to do regarding hotel as we had already started our flights. Hotels like this should not be on booking.com at all.",rl prl sts
4956b7b6fb47d734,en,1.0,lid,en,clean,"Pleasant. I had a mixed experience at this hotel. There are a few policies that I personally didn’t appreciate, such as the restriction on outside food. The swimming pool is quite small, and the location feels a bit inconvenient and unusual. The complimentary buffet breakfast was below average—there was very limited variety, and the refill policy was disappointing. However, I did enjoy their shisha and the rooftop lounge, which offered a nice ambiance and relaxing environment. Considering the overall experience and the price range, I believe there are better hotel options available nearby. For that reason, I would not recommend this hotel.. Outside Food Not Allowed, Swimming Pool & Refill Policy of their complementary breakfast.",rl prl sts
4781099e122ff976,bn,,script,bn,clean,Good. লোকেশন টা খুব বাজে. ক্লিনিং এর কোন নিদিষ্ট সময় নায়।এদের যখন খুশি তখন আসে।,rl prl sts
4a31de9595c6fc2e,en,1.0,lid,en,clean,"i am not. The room size is very spacious and comfortable.. The room cleanliness was below expectation, with visible dampness on the walls. The washroom was not properly maintained, the shower water pressure was very low, and water tended to accumulate on the floor after use.",rl prl sts
bc65c87dab974545,en,1.0,lid,en,clean,Very good. The breakfast variety and room service.. Doesn't allow food from outside.,rl prl sts
a4fd3d2bc9ff9003,en,1.0,lid,en,clean,Exceptional. Very helpful and polite staffs. Very secured.. Needed auto or rickshaw to go to the beach,rl prl sts
3a2439ff235248df,en,1.0,lid,en,clean,Overall staying at the hotel was good.. Staff behaviour and clean. Check out time is slower. I just missed my flight for their delay,rl prl sts
b8cf16ce35ceb787,en,1.0,lid,en,clean,Very good. Well furnished. Location a bit on the backside,rl prl sts
7673a7b8440df9f3,en,1.0,lid,en,clean,Fair comfort. The property was clean and tidy. The property was located in a poor road condition and lot of smells of sewage. Lot of noise all night.,rl prl sts
eceffbf256b417ed,en,1.0,lid,en,clean,"Comfortable, Enjoyable. The Hotel is well organized and staff are helpful and always smiling. Would like to go back again there.",rl prl sts
cb18542ae98409c0,en,1.0,lid,en,clean,"Not too bad!. Breakfast was good. There should be an egg station where customers can choose the type of eggs they want. I did not like the way they served eggs. You have to order eggs first, but before that, you need to find a waiter to order from.. I found the receptionists are friendly. I asked for a room heater, but they were unable to provide one. I saw one mosquito in the room. I requested a ""mosquito-killing bat"", but they could not provide one. Later, I saw a bat in the reception area. In that sense, their customer service was poor.",rl prl sts
179cc703a9cb387c,en,1.0,lid,en,clean,"Exceptional. For the price this was perfect. All was clean, room is super spacious and there were no issues.. If in Booking.com you indicated no prepayment is required, then do not ask for prepayment. I was asked to do a deposit to guarantee the reservation, even do in Booking.com it was indicated as no prepayment required. For me it was not a huge issue, since I refused to do the prepayment, and they agree to this.",rl prl sts
3a059bb42fa22b12,en,1.0,lid,en,clean,"Very good. Services were good. Swimming pool is small, time too short closes at 7pm, and no hot water in pool.",rl prl sts
5f89e735624aa889,en,1.0,lid,en,clean,Value for money. Room space and cleanliness. Location,rl prl sts
a56aa17f8ea02f28,en,,short-text,en,clean,Poor. Waste of Money,t crstl rs htl
c85f69f68d018275,en,1.0,lid,en,clean,"Good times- would stay again.. I really enjoyed my time here! The staff were professional and friendly, the facilities were clean, and the free breakfast was delicious.. No naan at the restaurant:(",t crstl rs htl
6f17004a6ee2301b,en,1.0,lid,en,clean,Deceived. Room. They miscalculated and reported the restaurant bill and the checkout bill. This js pathetic,t crstl rs htl
4cb03aeffe0b2060,en,,short-text,en,clean,Superb. Need to add some more items,t crstl rs htl
2c56650c0cf3a3ae,en,1.0,lid,en,clean,"I was feeling uncomfortable due to lack of another double bed.. View and room was good.. Breakfast not good. I book family room but they didn't have any roon containing 2 double beds.Room was containing - one semi double bed, one single bed and one sofa set which could be converted into a bed but this was very unconfortable.",t crstl rs htl
7468ce4d7189a469,en,,short-text,en,clean,Great. Good. faculties,t crstl rs htl
bed2db46dc903426,en,,short-text,en,clean,Bad. Nothing to tell,t crstl rs htl
ff2c7ba30bf55f3b,en,1.0,lid,en,clean,Excellent. They were really hospitable and welcoming and their services are top notch... I'll be choosing them again in my next trip.... To be honest there wasn't anything to add in dislike list...,t crstl rs htl
8fc201d3d4c08463,en,1.0,lid,en,clean,"Lovely!. Cleanliness, location, breakfast and spaciaous room...all together a fantastic experience!",t crstl rs htl
dfbb31d33793a82d,en,1.0,lid,en,clean,"Probably the best hotel experience you can have in Sylhet...excellent in a word 👍. Cleanliness, cordialness and overall presentation",t crstl rs htl
48d94e0b770a29b7,en,1.0,lid,en,clean,It was a pleasant stay and the rooms are pretty good specially the balcony.. The behavior of the staff members and the room was a pure value for money. They should increase the quality of their breakfast menu.,t crstl rs htl
9b60031eabd13cd4,en,1.0,lid,en,clean,The hotel was so bad the lines was horrible blood stained on the walls too many mosquitos smelly rooms the was was block. I didn’t like anything about the property,t crstl rs htl
cea11af1772ff817,en,,short-text,en,clean,Awesome. Excellent,t crstl rs htl
acf8625f0f82fe1a,en,,short-text,en,clean,5 star services. Cleanness,t crstl rs htl
7c6e9530ae0cc748,en,1.0,lid,en,clean,"Greedy staff and unprofessional management. Nothing , most things listed are not factual. Most things ..specially bathroom door don’t close no tv bad balcony view No crram or whitener",t crstl rs htl
18a5a91bad06aaa5,en,1.0,lid,en,clean,Superb. Lovely stay.Clean & all staff are very amaiable & well trained on hospitality.Good management.,t crstl rs htl
e09e49ede79a576f,en,1.0,lid,en,clean,"Amazingly friendly, a home away from home. Amazingly hospitable staff, felt like a second home. Hotel stated it had recently opened and was still finalising fitness center and pool - once these are done it will be amazing",t crstl rs htl
abdd7a41b12c69c4,en,1.0,lid,en,clean,Booking.com give me 88$ but when i check out it was more then that.they said booking.com give them a different price. I don’t like booking.com at all. 26% tax i don’t even know what's that,t crstl rs htl
bf1d52ea90a4dc54,en,,short-text,en,clean,Perfect for stay. Everything great,t crstl rs htl
b35dfe13078653a5,en,1.0,lid,en,clean,We enjoyed having a comfortable room in a pleasant city.. Our corner room provided excellent views of the mountains. The room was very comfortable with a good mattress. The room was cleaned each day of our stay. The television was in a good location opposite the bed. You could watch the TV without drinking your neck.. If the hotel had only ten guests able service replaced the buffet. However we were not told this. the facility description on Booking.com and the hotel's web site were not accurate. The gym and pool are to be opened in six months.,t crstl rs htl
e52ed52a21a3ac93,en,1.0,lid,en,clean,Very comportable jone With very cheap price.. good. yes,hrtg htl ctgng
e0ec77430071ffcb,en,1.0,lid,en,clean,Bad. Only The location is good. Staff behavior very bad . Also price is too high.i book the room in 1200 tk he take from me 1850 tk very unfair,hrtg htl ctgng
9fab5415e9e5cf89,en,1.0,lid,en,clean,"Passable. location & staff behaviour was good.. there are stains in the wall, the TV wasn't working properly and not being given drinking water is pathetic. Lift is closed most of the time.",hrtg htl ctgng
72f6732cec9bda21,en,,short-text,en,clean,Exceptional. That was good,hrtg htl ctgng
65b0bcf615320596,en,,short-text,en,clean,Exceptional. Good. Bad,hrtg htl ctgng
50e6486ce042a1a0,en,1.0,lid,en,clean,"Staff good behave and be careful. I did liked location only. I didn't liked room rate changed...because, I was booking 1205 taka there take at 1400 taka. ... That is disliked",hrtg htl ctgng
4e9067b810119fb4,en,1.0,lid,en,clean,"never ever stay there. location was really good but damn service no breakfast no water bottle and no any kind of accessories, soap or paste etc. behavior is very much bad. without hotel location i dont like anything",hrtg htl ctgng
0fce09c0a64d4dc6,en,1.0,lid,en,clean,Price was okay. It was okay. Linens was not that good,hrtg htl ctgng
5916e4417da36245,en,,short-text,en,clean,Its been good.. Good hospitality. Good,hrtg htl ctgng
a24fd73297e7498d,en,,short-text,en,clean,Bad. Very bad,hrtg htl ctgng
02b56e9a335b8466,en,,short-text,en,clean,I like this Hotel. Behevior and comfort,hrtg htl ctgng
e2ca33a429ad379d,en,1.0,lid,en,clean,"Poor. Was close from Railway station.. Room quality, Cleanliness.",hrtg htl ctgng
dd8fc9057215807b,en,1.0,lid,en,clean,For the price it’s extremely cheap .. It was £5 ( British pound ) for one night . I can’t complain at this price. No hot water,hrtg htl ctgng
36a01fb5705b69d2,en,1.0,lid,en,clean,Good for the people want a budget friendly hotel in Chittagong. Good comparison to budget,hrtg htl ctgng
ca9b22efae6ad669,bn,,script,bn,clean,খুবি খুবি অনেক বাজে. ব্রাস তাওয়াল সাবান কিছু দেইনি। রুম এ পুকা বিচ্চু থাকে। আসেপাসে ভালো কনো খাবার হোটেল নাই।. চেকউট করতে ৪মিনিট দেরি হওয়াতে লোক চলে আসছে ডাকতে। ২৩০০ টাকাতে আরো ভালো হোটেল হয়। ছবিতে ভালো লাগে দেখতে সত্তিকার এ বাজে রুম এ গন্দ।,hrtg htl ctgng
8a5b9dfb73a761b1,en,1.0,lid,en,clean,Exceptional. Clean & good service. I like because hotel people very smart & friendly,hrtg htl ctgng
d95e58f99538f42b,en,1.0,lid,en,clean,"Good value for money, but cleanliness needs significant improvement. Great value for money! The staff were friendly and welcoming, the AC worked perfectly, and the overall hospitality made my stay very comfortable.. The washroom was disappointing — the doorknob was old and broken, the basin wasn’t very clean, and there was no holder in front of the mirror. The blankets didn’t seem properly cleaned, and there was too much dust, which unfortunately triggered my wife’s dust allergy.",hrtg htl ctgng
7389a8f4f38c2d8f,en,1.0,lid,en,clean,"Good as a budget package.. Budget hotel. Comaparatively better than other alternatives. Best for short/night stay with limited budget. Give basic amenities as well. AC working well. Cleaning average. Staff co-operative. Location near main street. Apprx. 1 km away from railway station (Say “near Madhubon misti ghor” when u asking for riksha). Local tranport like CNG, Riksha available.. Bedding not as comfortable. Does not have any well restaurant nearby.",hrtg htl ctgng
c8e9e24f76c0d105,en,1.0,lid,en,clean,"Disappointing. Almost nothing.. Total letdown, honestly. Wasn't even close to what I was hoping for. Complete waste of time and money, if you ask me. Seriously bummed about it. Wouldn't recommend it to anyone",hrtg htl ctgng
3f7280ba6131e62d,en,,short-text,en,clean,Good. It was a good stay for a night.,hrtg htl ctgng
f5395e037ef281ab,en,1.0,lid,en,clean,"Very good stay at Sylhet Paradise Inn, If I go again Sylhet, I will stay this Hotel.. Their service is more than my expectation compare to charge. All staffs behave very good as well as they are very much helpful for anything you ask.. Staff helping mentality and hospitality, I will remember ever.",slht prds in
2a3ff5cf3a3f5555,en,1.0,lid,en,clean,Kettle and fridge. The staff were friendly and very helpful.. A kettle and a fridge in the room would have been extremely helpful and convenient for guests.,slht prds in
f8877d87435011f1,en,1.0,lid,en,clean,"Good and comfortable. Overall it’s good, if pool area is so simple and does not have any views. They should provide laundry service inside the hotel. Coffee shop is overrated. But the room is good and comfortable. But overall good and acceptable. I didn’t like the swimming pool area. I basically booked for the swimming pool but I didn’t enjoy the pool much",slht prds in
850010ffd884a62f,en,1.0,lid,en,clean,The description said for executive triple room bed size 1 king bed and 1 queen bed but actually its 1 queen bed and 1 si. Appeared good and clean. The staff need to be more professional.,slht prds in
537f858295f6131a,en,1.0,lid,en,clean,Superb. The maintenance of the property was excellent. The staff was incredibly well maintained and well mannered. They always kept up with the maintenance of the rooms and the lobby was in immaculate condition. The best thing I liked about the property was how nicely laid out it was and how the staff in the front desk people were.. Nothing to say.,slht prds in
dc3ec71010c9aabe,en,1.0,lid,en,clean,Only one thing that concerned me is the violation of the terms of payment displayed in the booking.com platform. While i. Very clean,slht prds in
648b45e938a14383,en,,short-text,en,clean,Exceptional. Excellent. Very good,slht prds in
148a88f41372e23b,en,1.0,lid,en,clean,"3 days city break. Location was perfect, staff were nice but could of been more professional. The room was very big ckean and bathroom was nice and clean. Food there was amazing.freshly made. The older guy manager he is so nice, very helpful also there was another peraon very polite and professional. Good thing they had both AC and fan. Only 1 manager , 1st time i stayed when i was paying the bill he was on a phone call dealing with another guest reservation and he was taking the payment from me same time, no eye contact, no thank you., felt like ignored and not value guest/customer. 2nd time stayed was much better.service.. Swimming pool was dirty not clean water.",slht prds in
afbba463b8853cc2,en,1.0,lid,en,clean,Very good. The hospitality and stuff support was excellent. 🤲. No balconies,slht prds in
9dc2c4fd3a12e50c,en,1.0,lid,en,clean,"Disappointing. the quality of the breakfast is not good,and the management f the canteen is very poor.",slht prds in
35db3c1dd46e132a,en,1.0,lid,en,clean,"Pleasant. The breakfast was tasty but could have more items on the menu. I like the pool side. It was a good experience with the pool. But please forbidden the rule of smoking sitting beside the swimming pool.. I din't like the room. The outside view was not good and there is no complimentary tea/coffe. The room's wall and floor was kind a wet I think they have water pipeline problem. So, fix it.",slht prds in
bade5e0783d6065c,en,1.0,lid,en,clean,"Overall, the experience fell far below my expectations and I hope these issues are addressed to improve future guests. Hotel location was good.. The worst experience I have ever had. The room was missing basic amenities and some of the advertised equipment was not provided. I requested a water kettle but unfortunately, it was never delivered. The room lacked even the most essential items. What was most disappointing was the lack of customer service—no one checked in to ask whether everything was satisfactory or if I needed any assistance. The complimentary breakfast was also very disappointing. The quality was poor and it was not served properly. Overall, the experience fell far below my expectations and I hope these issues are addressed to improve future guests' experiences.",slht prds in
b0b67ad660bc15a4,en,,short-text,en,clean,Exceptional. Very good. Staffs are very friendly,slht prds in
2ff83d1e5d72d898,en,,short-text,en,clean,Exceptional. Behavior and service,slht prds in
eb6928a7cdaaf10f,en,1.0,lid,en,clean,"Amazing all round. Everything was amazing from the friendly staff, cleanliness, service.",slht prds in
a7dacbf7570df88d,en,1.0,lid,en,clean,"Nice stay with complimentary breakfast, offering good value for money.. Breakfast was nice, with a good selection of items on the menu. The location was also fine.. The swimming pool maintenance and water treatment could have been improved.",slht prds in
009ac2a7c2f04dea,en,1.0,lid,en,clean,It was really a great pleasure to stay here. I like the cleanliness most. The behaviour of the staff was excellent. The room was excellent. The swimming pool was also charming. The washroom was so clean. The room service was great.The morning breakfast was also great.. There is nothing to unlike. But I think the restaurant prices should be less and there should be more types of cuisine.,slht prds in
848bc0e4e57645f2,en,1.0,lid,en,clean,"suggest others to stay there. breakfast, staff smiley face, their cooperative mentality and so on",slht prds in
a55b37aa7f3301dd,en,,short-text,en,clean,Exceptional. Clean environment.,slht prds in
3448279d3b327a86,en,1.0,lid,en,clean,"Nice place to Stay with family. Nice Staff, Clean, Very good breakfast",slht prds in
9541da85e124d30b,en,,short-text,en,clean,Very good. Live music & kabab. Na,kl htl
46beaa5c839735f7,en,1.0,lid,en,clean,"Exceptional. Hotel Kollol is a great place to stay. The staff are very welcoming and friendly. A special thanks to Kalam from room service for his sincere service, and to Mr. Tuhin and the rest of the reception team for their wonderful hospitality!. Nothing major to complain about, though I expected a bit more from the complimentary breakfast. Given J&Z Group's good reputation in catering, they should be more mindful to maintain it. Overall, a good experience nonetheless",kl htl
da7d38f184768c9e,en,,short-text,en,clean,Passable. Location. Services,kl htl
c8c6fd77fc4562dc,en,,short-text,en,clean,Good. Everything is good,kl htl
2f4e6481a62db477,en,,short-text,en,clean,Excellent. Very near to the beach.,kl htl
977577e9518cc2ee,en,1.0,lid,en,clean,"Pleasant. Great location close to beach. Good food luve music swimming pool. Nice views.. Room service, restaurant service. Overall staff service is poor. They are well behaved but reluctant in action",kl htl
df95339597fac975,en,1.0,lid,en,clean,"Passable. Location, activities, food taste. There service is not good. At first, checked in there was no shampoo, body wash, floor mat. The AC was pouring water. Had to call the room service more than 4 times to fix all. Later the room was shifted. This time the AC was not cooling. We didn't call anymore. Their food taste is fair to good. But again the staffs are so reluctant! Moves aimlessly. Doesn't pay attention, food will not arrive in hours. They said too many people are difficult to manage, but my observation was that they were carefree.",kl htl
3e815d4aaa4a548c,en,1.0,lid,en,clean,It was fair enough.. I liked the location and facilities attached to the room booking. I also loved some of the foods from the restaurant. I loved the swimming pool facility the most.. The staffs were short staffed and there was delays in several room service requests.,kl htl
b0351fb98fb2c8e9,en,1.0,lid,en,clean,Very good. Swimming pool.Go early. BBQ & live music Tuhin the office manager very good English & very efficient. Breakfast the same everyday 7 days.No coffee. Power outages.,kl htl
4b3a25adc3e698cc,en,1.0,lid,en,clean,"Excellent team work to gain guest’s trust with upmost hospitality. Front Desk Manager Tuhin, Executive Arnob, and others. Excellent team work to gain guest’s trust with upmost hospitality. Front Desk Manager Tuhin, Executive Arnob, and others were awesome.. WiFi",kl htl
a0eb675f53fd9db1,en,,short-text,en,clean,Good. Plan nan with soup,kl htl
556fa64c5ec03dab,en,1.0,lid,en,clean,Pleasant. Mini Bar fee tk.50 is unexpected to me but Other's are reasonable.,kl htl
ac4fcf293ae22fa0,en,1.0,lid,en,clean,"Exceptional. Had a great experience at Hotel Kollol by J&Z Group. The location is excellent, and the service was very good. Special thanks to Tuhin for his outstanding hospitality and helpful attitude. He was professional, friendly, and made our stay more comfortable. Highly recommended",kl htl
e85f677725ad98e9,en,1.0,lid,en,clean,"Good. We enjoyed a lot in swimming pool and gym too, felt cordial environment by stuff working there.. We hurt due to restrictions in evening singing programme as all of attended person must to take part in bar b qué dinner.",kl htl
8c0b7aa31fc0114f,en,1.0,lid,en,clean,"This is the second time I've stayed at the Kollol. I am hoping to return.. Location, view, room. I liked most things. There wasn't a guest review form in the room which I would have happily completed. I pointed this out to the Housekeeping Supervisor who called to the room to ask if we needed anything regarding housekeeping.",kl htl
dc405ba28d30fc66,en,,short-text,en,clean,"Very good. Location, breakfast,",kl htl
c61c16f59ee204dd,en,1.0,lid,en,clean,"Poor. I had a very disappointing experience at Hotel Kollol. I booked a stay for 3 days, but when we arrived, they refused to give us a room. They informed us at the last moment that they only allow married couples, which was never mentioned during the booking process. When I requested a refund, they refused, which made the situation even worse. This lack of transparency caused us unnecessary stress and financial loss. We had already spent money on travel, including flight costs, and after arriving, we were left without accommodation. If this is their policy, they should clearly mention it beforehand so guests can plan accordingly. This kind of treatment is unfair and unprofessional. I would not recommend this hotel due to poor communication and customer service.",kl htl
c3dbe5109e882b07,en,1.0,lid,en,clean,"I would highly recommend everyone to give the hotel a go. You will have fantastic time there. My overall experience is good. All the staff are really friendly. They are very welcoming. The facilities are well maintained. Beautiful place and located very close to Laboni beach. Just about 5 minutes walk to the beach. Live music in the evening. Very lively atmosphere. Highly recommended.. The behaviour of some security gurad, security is a bit poor however better than any other places.",kl htl
577b8a194a4e1115,en,,short-text,en,clean,Exceptional. Best restaurant.,kl htl
4eac5abc62f001b8,en,1.0,lid,en,clean,Superb. We got sufficient breakfast items.They need to focus on the taste of those items.And the location is superb... they need to minimise the food prices..,kl htl
48dd42dcc9fad9f9,en,1.0,lid,en,clean,"Exceptional. Clean, well mannered and good service",bst prk in
387d865344672e97,en,,short-text,en,clean,Exceptional. Ydf. Gfff,bst prk in
6d75da4c269f37fe,en,1.0,lid,en,clean,"Disappointing. The ability to check-in at a very short time. Cockroach in the room, long check-in process.",bst prk in
bb78a040af62f1a0,en,1.0,lid,en,clean,do not go over there. they have generator but it was not working .they were inform that electrical will be gone but they did fixed the generator. the whole wos out of electricity,bst prk in
1c1c7bf26164c5b2,en,1.0,lid,en,clean,Bad. There service is too much bed. Their staff is also criminal.. Thire bed behave,bst prk in
9d188ee705374b61,en,1.0,lid,en,clean,Disappointing. Staff behavior is too good. Nice location. Wash room condition is disgusting.. . And there was so many little cockroach's in the room.. They should work on wash room also on room cleaning..,bst prk in
3a5153e357225d3e,en,,short-text,en,clean,Exceptional. The hospitality,bst prk in
15e02a30d6ad82dd,en,1.0,lid,en,clean,Good. Staff behaviour and service also location.. We got a disabled TV.,bst prk in
217bf37fbc84fb87,en,1.0,lid,en,clean,Disspointing. Good location. Bad food There was power cut but not generator backup for almost 2 hours,bst prk in
c5e180c1ac99697e,en,1.0,lid,en,clean,Poor. Location & staffs are good.. The room were very dirty. Ac didn’t work. But they changed the room after complaining.,bst prk in
49e8f12488587f83,en,1.0,lid,en,clean,Good. Location and behavior of the staff. Toilet was not so clean,bst prk in
604a4973f812568d,en,1.0,lid,en,clean,Tremendous experience. Will definitely recommend.. Everything was as expected.. Nothing.,bst prk in
c5dd9bc740fee607,en,1.0,lid,en,clean,"Good experience.. Breakfast was good. They serve immediately made foods maintaining good cleanliness and proper Hygiene.. Sometimes,, price of mid day meal and supper is a little bit high. There is some scope to keep the bill in some resistance.",bst prk in
1d2c1ca91c603fe0,en,1.0,lid,en,clean,"wonderful and will come again. first i choose this for appropriate location , after my stay i was enjoyed a lot there beacuse of friendly staff, helpful behavior, neat and clean room & bathroom . And food , that was so tasty and fresh, healthy with resonable.",bst prk in
77f74a7ea096a8ce,en,,short-text,en,clean,very bad. very bad. staff behavior are very bad,bst prk in
59ed95eaf5cdd411,en,1.0,lid,en,clean,Disappointing. aTelevision was not working which is totally disappointing.,bst prk in
0487a16d54003227,en,1.0,lid,en,clean,"Location and Staff are so Good. Only Location and Staff. Very bed smell in Every room… Toilet is unclean, AC is not working properly, Carpet is Smelly… Cockroach is roaming in the room",bst prk in
de4ee549075110a6,en,1.0,lid,en,clean,"Exceptional. It’s hotel Staff are so helpful behaviour, Its place very Secure and nice. Very sweet solve problem friendly",bst prk in
8688e36e2cb8277d,en,1.0,lid,en,clean,Good value for money but needs more attention from the staffs.. good location. Provided dirty towels,bst prk in
9c268c48ad379b4f,en,1.0,lid,en,clean,Very good. Room were clean.. Everything was perfect for a stay,bst prk in
5855a5409b9082c7,en,1.0,lid,en,clean,Very good. The cozy environment and beautiful room. There was no washroom amenities.,grn edg htl
da6c1b8533c0bdb9,en,,short-text,en,clean,Very good. WC Smell bad abit,grn edg htl
c124143d8f7b34b2,en,1.0,lid,en,clean,Amazing place for stay. Thanks to the host.. Clean Environment. Some washroom stuffs needs to be repaired a bit.,grn edg htl
b361f4e7649b8634,en,1.0,lid,en,clean,The stay was as expected. Had a nice experience. Would definitely recommend.. The stay was as expected. Had a nice experience. Would definitely recommend.. Nothing.,grn edg htl
5a2fbc0e3b889cfc,en,,short-text,en,clean,You can try.. Cozy Weather.. Could not found.,grn edg htl
09172a2130a2204a,en,,short-text,en,clean,Superb. Everything!,grn edg htl
347754e74758fde7,en,,short-text,en,clean,Exceptional. Everything,grn edg htl
01ab59927b8a4dfb,en,,short-text,en,clean,Very good. Rooms and Everything,grn edg htl
977412c37f94463c,en,1.0,lid,en,clean,"A Masterclass in Misery and Mismanagement, WORST BOOKING.COM EXPERIENCE EVER. Not a damn thing. Hands down the worst experience I've ever had. The nightmare started the moment I arrived: a 30 minutes wait with no manager in sight and no one reachable, I even called another manager, he said he left his job 1 year ago. What followed was a classic bait-and-switch— The WORST PART, I was given a different room with a bathroom so small I could barely stand, all because of a ""mix-up"" their excuse was there was a mixup with my room which was ""double booked"" the other party arrived earlier so they gave the room to them, No heads-up, I was not even informed about this earlier, no compensation for the misconduct. To top it all off, the room was a joke. I found bloodstains on the bedsheets and was given a half-towel, not even a whole towel whilst I booked the room for two. The AC didn’t work properly also there was no fan. And for the final insult? I accidentally left a t-shirt behind and was told they simply threw it in the ""dustbin"". This isn't the first time, either—my gold earrings vanished on a previous stay. Save yourself the trouble. Book literally anywhere else.",grn edg htl
ea62799cc21f207b,en,,short-text,en,clean,Exceptional. Neat & Clean. Good Environment.,grn edg htl
8ad157b61780f154,en,,short-text,en,clean,Very good. Privacy,grn edg htl
f859dfb3fd22b3fc,en,1.0,lid,en,clean,"Very good. They need to take immediate action for Mosquito problem, Otherwise everything was very good.",grn edg htl
f2d70e046686e909,en,1.0,lid,en,clean,They canceled our room in the last hour. They canceled our room in the last hour,grn edg htl
a074e89a081baf60,en,1.0,lid,en,clean,"Wrote it above. Good location, good interior, manager was good. Electric sockets in the room were not working had to charge our phone in the washroom. Soap and other things were not provided. Couldn’t watch tv as the socket was not working. Many lights were not working. Previous experience was better than this time.",grn edg htl
9b2430ba8daa55f2,en,1.0,lid,en,clean,Should have notified me about the maintainance before letting me check in.. There was no water supply in the bathroom!,grn edg htl
1b1f105ddf420442,en,1.0,lid,en,clean,Good. I liked the room. Breakfast was not provided as promised,grn edg htl
e99fdc2d80003261,en,,short-text,en,clean,Bad. They cancelled my bootking at the last hour.,grn edg htl
e624b5d47550e663,en,1.0,lid,en,clean,"Never again. The air conditioning. Mattress covers stained, duvet look like it came from a homeless person shower was in the toilet cubicle, didn’t know wether to stand up or sit on re toilet lol",grn edg htl
f85a63976e89a7e4,en,1.0,lid,en,clean,Overall great stay. Would recommend. Owner is very nice and responsive. Staff are always there to help if needed,grn edg htl
cc1d50786d8e1dea,en,1.0,lid,en,clean,Very good and cozy environment. Staffs were really helpful. Very good location. Environment. Just didn’t like that you don’t have a lock on the door inside the room which cannot be opened from outside. And there should be generator service 24 hours.,grn edg htl
8f7b94253806182e,en,,short-text,en,clean,Bad. not at all.. Staff behave,cbc in
0b8a3b019041b1b7,en,1.0,lid,en,clean,"Kind & Supportive.. Our flight was delayed, so we had to stay a few more hours than the official check out time. They let us stay complimentary till the evening. Thanks to the management for their kind support and hospitality.",cbc in
80231ee6118a7acd,en,1.0,lid,en,clean,"Not bad not good. Good, should be change manu for breakfast.. Vegetable food like same category.",cbc in
9472409c63a75078,en,1.0,lid,en,clean,"Good. Friendly staff, good value for money.. A little bit more upgraded & clean.",cbc in
8e1eebda5d7fc548,en,,short-text,en,clean,Good. Service very good. Room is spacious,cbc in
cd20b906aa10e495,en,1.0,lid,en,clean,Poor. Staff good but room conditions was bad. Brackfast. Breckfast,cbc in
191c0d0ac11f5a51,en,,short-text,en,clean,Passable. Not bad,cbc in
5d8bcb167f010951,en,1.0,lid,en,clean,"Good. ⭐⭐⭐⭐⭐ “Had a wonderful stay! The hotel was exceptionally clean, comfortable, and well-maintained. The staff were friendly, professional, and always ready to help with a smile. The location was convenient, and the overall atmosphere made us feel relaxed and welcome throughout our stay. Everything exceeded our expectations. Highly recommended for anyone looking for a pleasant and memorable experience. We will definitely stay here again on our next visit!”. We had a great stay at this hotel. What we liked most was the excellent location, clean and comfortable rooms, fast Wi-Fi, and the friendly staff who were always helpful. The check-in process was smooth, housekeeping was excellent, and the overall environment was quiet and relaxing. The hotel offered great value for money, and everything was well organized. We would happily stay here again and highly recommend it to other travelers.",cbc in
918a3b451bde6a47,en,1.0,lid,en,clean,"fantastic. Facilities are well maintained, very very helpful and friendly staff, specially receptionist. Budget friendly stay in dhaka",cbc in
b8eb55c541a75586,en,1.0,lid,en,clean,Very poor. staff behavior. Never going there again.,cbc in
cfa8d6cf46f50ad5,en,,short-text,en,clean,Passable. N. N,cbc in
f418ffc4587ff92a,en,1.0,lid,en,clean,Overall good. Nice staffs. Air conditioning. Licking waters,cbc in
fcd890c01d314c18,en,1.0,lid,en,clean,"It's a perfect place to stay with family.. Their professionalism,behaviour and quick response was amazing. Besides foods were delicious Restaurant was also top class And above all the chief chef was unbelievable. Air conditioning system and wifi facilities",cbc in
13f11982b2fa6e1f,en,,short-text,en,clean,Great stay. Good. Good,cbc in
82f1a35057c54cb5,en,,short-text,en,clean,Superb. Friendly staff,cbc in
fdd8bbc0cda95963,en,,short-text,en,clean,Exceptional. Good. Good,cbc in
c5861667902a8702,en,,short-text,en,clean,Exceptional. A good place to stay,cbc in
97e6dc61796aaf94,en,1.0,lid,en,clean,"Good. Location, food, clean and helpful staff.. The placement of the AC was above the entrance of the room. It would have been better if the AC was placed right accross the bed on top of the wall. Due to the placement of the AC we were not able to get the cold air.",cbc in
307ed2b379815b7f,en,1.0,lid,en,clean,"Special thanks the Staff Name nafees such a great guy who was always available so mannered. I recently stayed at [civic Inn Dhaka ] and it was an absolutely wonderful experience from start to finish. The hotel exceeded all my expectations and made my trip truly special.. The room was spacious, beautifully decorated, and spotlessly clean. The bed was incredibly comfortable – I slept better than I have in months! The bathroom was modern and well-stocked with high-quality amenities. I especially appreciated the stunning view from my balcony",cbc in
